2026-08-07 16:20:09,509 - INFO - Sign-in popup dismissed.
2026-08-07 16:20:22,462 - INFO - Total hotels found: 25
2026-08-07 16:21:49,227 - INFO - Sign-in popup dismissed.
2026-08-07 16:22:00,657 - INFO - Total hotels found: 25
2026-08-07 16:22:00,657 - INFO - Previous Length: 0
2026-08-07 16:22:00,657 - INFO - Extracting Data......
2026-08-07 16:22:00,763 - INFO - Extracting Data......
2026-08-07 16:22:00,841 - INFO - Extracting Data......
2026-08-07 16:22:00,921 - INFO - Extracting Data......
2026-08-07 16:22:01,001 - INFO - Extracting Data......
2026-08-07 16:22:01,075 - INFO - Extracting Data......
2026-08-07 16:22:01,203 - INFO - Extracting Data......
2026-08-07 16:22:01,296 - INFO - Extracting Data......
2026-08-07 16:22:01,362 - INFO - Extracting Data......
2026-08-07 16:22:01,456 - INFO - Extracting Data......
2026-08-07 16:22:01,525 - INFO - Extracting Data......
2026-08-07 16:22:01,611 - INFO - Extracting Data......
2026-08-07 16:22:01,689 - INFO - Extracting Data......
2026-08-07 16:22:01,761 - INFO - Extracting Data......
2026-08-07 16:22:01,842 - INFO - Extracting Data......
2026-08-07 16:22:01,914 - INFO - Extracting Data......
2026-08-07 16:22:01,997 - INFO - Extracting Data......
2026-08-07 16:22:02,082 - INFO - Extracting Data......
2026-08-07 16:22:02,163 - INFO - Extracting Data......
2026-08-07 16:22:02,267 - INFO - Extracting Data......
2026-08-07 16:22:02,356 - INFO - Extracting Data......
2026-08-07 16:22:02,434 - INFO - Extracting Data......
2026-08-07 16:22:02,613 - INFO - Extracting Data......
2026-08-07 16:22:02,695 - INFO - Extracting Data......
2026-08-07 16:22:02,777 - INFO - Extracting Data......
2026-08-07 16:22:02,849 - INFO - Scrolling to load more........
2026-08-07 16:22:06,934 - INFO - No button Found
2026-08-07 16:22:06,935 - INFO - New Length: 25
2026-08-07 16:22:06,945 - INFO - Total hotels found: 50
2026-08-07 16:22:06,945 - INFO - Previous Length: 25
2026-08-07 16:22:06,945 - INFO - Extracting Data......
2026-08-07 16:22:07,013 - INFO - Extracting Data......
2026-08-07 16:22:07,074 - INFO - Extracting Data......
2026-08-07 16:22:07,170 - INFO - Extracting Data......
2026-08-07 16:22:07,287 - INFO - Extracting Data......
2026-08-07 16:22:07,381 - INFO - Extracting Data......
2026-08-07 16:22:07,443 - INFO - Extracting Data......
2026-08-07 16:22:07,502 - INFO - Extracting Data......
2026-08-07 16:22:07,563 - INFO - Extracting Data......
2026-08-07 16:22:07,634 - INFO - Extracting Data......
2026-08-07 16:22:07,696 - INFO - Extracting Data......
2026-08-07 16:22:07,768 - INFO - Extracting Data......
2026-08-07 16:22:07,834 - INFO - Extracting Data......
2026-08-07 16:22:07,896 - INFO - Extracting Data......
2026-08-07 16:22:07,960 - INFO - Extracting Data......
2026-08-07 16:22:08,026 - INFO - Extracting Data......
2026-08-07 16:22:08,095 - INFO - Extracting Data......
2026-08-07 16:22:08,176 - INFO - Extracting Data......
2026-08-07 16:22:08,256 - INFO - Extracting Data......
2026-08-07 16:22:08,326 - INFO - Extracting Data......
2026-08-07 16:22:08,404 - INFO - Extracting Data......
2026-08-07 16:22:08,559 - INFO - Extracting Data......
2026-08-07 16:22:08,644 - INFO - Extracting Data......
2026-08-07 16:22:08,717 - INFO - Extracting Data......
2026-08-07 16:22:08,808 - INFO - Extracting Data......
2026-08-07 16:22:08,899 - INFO - Extracting Data......
2026-08-07 16:22:09,000 - INFO - Extracting Data......
2026-08-07 16:22:09,081 - INFO - Extracting Data......
2026-08-07 16:22:09,166 - INFO - Extracting Data......
2026-08-07 16:22:09,254 - INFO - Extracting Data......
2026-08-07 16:22:09,356 - INFO - Extracting Data......
2026-08-07 16:22:09,433 - INFO - Extracting Data......
2026-08-07 16:22:09,528 - INFO - Extracting Data......
2026-08-07 16:22:09,618 - INFO - Extracting Data......
2026-08-07 16:22:09,695 - INFO - Extracting Data......
2026-08-07 16:22:09,778 - INFO - Extracting Data......
2026-08-07 16:22:09,861 - INFO - Extracting Data......
2026-08-07 16:22:09,970 - INFO - Extracting Data......
2026-08-07 16:22:10,069 - INFO - Extracting Data......
2026-08-07 16:22:10,165 - INFO - Extracting Data......
2026-08-07 16:22:10,275 - INFO - Extracting Data......
2026-08-07 16:22:10,382 - INFO - Extracting Data......
2026-08-07 16:22:10,473 - INFO - Extracting Data......
2026-08-07 16:22:10,551 - INFO - Extracting Data......
2026-08-07 16:22:10,647 - INFO - Extracting Data......
2026-08-07 16:22:10,748 - INFO - Extracting Data......
2026-08-07 16:22:10,848 - INFO - Extracting Data......
2026-08-07 16:22:11,049 - INFO - Extracting Data......
2026-08-07 16:22:11,190 - INFO - Extracting Data......
2026-08-07 16:22:11,296 - INFO - Extracting Data......
2026-08-07 16:22:11,424 - INFO - Scrolling to load more........
2026-08-07 16:22:13,495 - INFO - Button Found.....
2026-08-07 16:22:18,366 - INFO - New Length: 75
2026-08-07 16:22:18,386 - INFO - Total hotels found: 100
2026-08-07 16:22:18,386 - INFO - Previous Length: 75
2026-08-07 16:22:18,386 - INFO - Extracting Data......
2026-08-07 16:22:18,474 - INFO - Extracting Data......
2026-08-07 16:22:18,557 - INFO - Extracting Data......
2026-08-07 16:22:18,636 - INFO - Extracting Data......
2026-08-07 16:22:18,721 - INFO - Extracting Data......
2026-08-07 16:22:18,793 - INFO - Extracting Data......
2026-08-07 16:22:18,858 - INFO - Extracting Data......
2026-08-07 16:22:18,931 - INFO - Extracting Data......
2026-08-07 16:22:19,007 - INFO - Extracting Data......
2026-08-07 16:22:19,073 - INFO - Extracting Data......
2026-08-07 16:22:19,158 - INFO - Extracting Data......
2026-08-07 16:22:19,228 - INFO - Extracting Data......
2026-08-07 16:22:19,353 - INFO - Extracting Data......
2026-08-07 16:22:19,428 - INFO - Extracting Data......
2026-08-07 16:22:19,496 - INFO - Extracting Data......
2026-08-07 16:22:19,586 - INFO - Extracting Data......
2026-08-07 16:22:19,664 - INFO - Extracting Data......
2026-08-07 16:22:19,746 - INFO - Extracting Data......
2026-08-07 16:22:19,849 - INFO - Extracting Data......
2026-08-07 16:22:19,941 - INFO - Extracting Data......
2026-08-07 16:22:20,048 - INFO - Extracting Data......
2026-08-07 16:22:20,123 - INFO - Extracting Data......
2026-08-07 16:22:20,208 - INFO - Extracting Data......
2026-08-07 16:22:20,287 - INFO - Extracting Data......
2026-08-07 16:22:20,366 - INFO - Extracting Data......
2026-08-07 16:22:20,450 - INFO - Extracting Data......
2026-08-07 16:22:20,462 - INFO - Extracting Data......
2026-08-07 16:22:20,477 - INFO - Extracting Data......
2026-08-07 16:22:20,492 - INFO - Extracting Data......
2026-08-07 16:22:20,504 - INFO - Extracting Data......
2026-08-07 16:22:20,517 - INFO - Extracting Data......
2026-08-07 16:22:20,526 - INFO - Extracting Data......
2026-08-07 16:22:20,540 - INFO - Extracting Data......
2026-08-07 16:22:20,551 - INFO - Extracting Data......
2026-08-07 16:22:20,561 - INFO - Extracting Data......
2026-08-07 16:22:20,574 - INFO - Extracting Data......
2026-08-07 16:22:20,587 - INFO - Extracting Data......
2026-08-07 16:22:20,600 - INFO - Extracting Data......
2026-08-07 16:22:20,611 - INFO - Extracting Data......
2026-08-07 16:22:20,626 - INFO - Extracting Data......
2026-08-07 16:22:20,641 - INFO - Extracting Data......
2026-08-07 16:22:20,656 - INFO - Extracting Data......
2026-08-07 16:22:20,672 - INFO - Extracting Data......
2026-08-07 16:22:20,687 - INFO - Extracting Data......
2026-08-07 16:22:20,702 - INFO - Extracting Data......
2026-08-07 16:22:20,718 - INFO - Extracting Data......
2026-08-07 16:22:20,735 - INFO - Extracting Data......
2026-08-07 16:22:20,750 - INFO - Extracting Data......
2026-08-07 16:22:20,771 - INFO - Extracting Data......
2026-08-07 16:22:20,788 - INFO - Extracting Data......
2026-08-07 16:22:20,803 - INFO - Extracting Data......
2026-08-07 16:22:20,896 - INFO - Extracting Data......
2026-08-07 16:22:20,990 - INFO - Extracting Data......
2026-08-07 16:22:21,077 - INFO - Extracting Data......
2026-08-07 16:22:21,165 - INFO - Extracting Data......
2026-08-07 16:22:21,251 - INFO - Extracting Data......
2026-08-07 16:22:21,348 - INFO - Extracting Data......
2026-08-07 16:22:21,508 - INFO - Extracting Data......
2026-08-07 16:22:21,621 - INFO - Extracting Data......
2026-08-07 16:22:21,709 - INFO - Extracting Data......
2026-08-07 16:22:21,805 - INFO - Extracting Data......
2026-08-07 16:22:21,887 - INFO - Extracting Data......
2026-08-07 16:22:21,990 - INFO - Extracting Data......
2026-08-07 16:22:22,103 - INFO - Extracting Data......
2026-08-07 16:22:22,212 - INFO - Extracting Data......
2026-08-07 16:22:22,310 - INFO - Extracting Data......
2026-08-07 16:22:22,396 - INFO - Extracting Data......
2026-08-07 16:22:22,500 - INFO - Extracting Data......
2026-08-07 16:22:22,577 - INFO - Extracting Data......
2026-08-07 16:22:22,679 - INFO - Extracting Data......
2026-08-07 16:22:22,784 - INFO - Extracting Data......
2026-08-07 16:22:22,868 - INFO - Extracting Data......
2026-08-07 16:22:22,971 - INFO - Extracting Data......
2026-08-07 16:22:23,060 - INFO - Extracting Data......
2026-08-07 16:22:23,168 - INFO - Extracting Data......
2026-08-07 16:22:23,264 - INFO - Extracting Data......
2026-08-07 16:22:23,364 - INFO - Extracting Data......
2026-08-07 16:22:23,456 - INFO - Extracting Data......
2026-08-07 16:22:23,550 - INFO - Extracting Data......
2026-08-07 16:22:23,635 - INFO - Extracting Data......
2026-08-07 16:22:23,721 - INFO - Extracting Data......
2026-08-07 16:22:23,825 - INFO - Extracting Data......
2026-08-07 16:22:23,989 - INFO - Extracting Data......
2026-08-07 16:22:24,081 - INFO - Extracting Data......
2026-08-07 16:22:24,170 - INFO - Extracting Data......
2026-08-07 16:22:24,273 - INFO - Extracting Data......
2026-08-07 16:22:24,366 - INFO - Extracting Data......
2026-08-07 16:22:24,477 - INFO - Extracting Data......
2026-08-07 16:22:24,566 - INFO - Extracting Data......
2026-08-07 16:22:24,663 - INFO - Extracting Data......
2026-08-07 16:22:24,753 - INFO - Extracting Data......
2026-08-07 16:22:24,831 - INFO - Extracting Data......
2026-08-07 16:22:24,953 - INFO - Extracting Data......
2026-08-07 16:22:25,059 - INFO - Extracting Data......
2026-08-07 16:22:25,154 - INFO - Extracting Data......
2026-08-07 16:22:25,246 - INFO - Extracting Data......
2026-08-07 16:22:25,355 - INFO - Extracting Data......
2026-08-07 16:22:25,448 - INFO - Extracting Data......
2026-08-07 16:22:25,550 - INFO - Extracting Data......
2026-08-07 16:22:25,638 - INFO - Extracting Data......
2026-08-07 16:22:25,723 - INFO - Scrolling to load more........
2026-08-07 16:22:27,783 - INFO - Button Found.....
2026-08-07 16:22:32,295 - INFO - New Length: 150
2026-08-07 16:22:32,316 - INFO - Total hotels found: 125
2026-08-07 16:22:32,316 - INFO - Previous Length: 150
2026-08-07 16:22:32,317 - INFO - Extracting Data......
2026-08-07 16:22:32,378 - INFO - Extracting Data......
2026-08-07 16:22:32,456 - INFO - Extracting Data......
2026-08-07 16:22:32,531 - INFO - Extracting Data......
2026-08-07 16:22:32,609 - INFO - Extracting Data......
2026-08-07 16:22:32,697 - INFO - Extracting Data......
2026-08-07 16:22:32,790 - INFO - Extracting Data......
2026-08-07 16:22:32,867 - INFO - Extracting Data......
2026-08-07 16:22:32,931 - INFO - Extracting Data......
2026-08-07 16:22:33,003 - INFO - Extracting Data......
2026-08-07 16:22:33,082 - INFO - Extracting Data......
2026-08-07 16:22:33,163 - INFO - Extracting Data......
2026-08-07 16:22:33,247 - INFO - Extracting Data......
2026-08-07 16:22:33,338 - INFO - Extracting Data......
2026-08-07 16:22:33,398 - INFO - Extracting Data......
2026-08-07 16:22:33,479 - INFO - Extracting Data......
2026-08-07 16:22:33,551 - INFO - Extracting Data......
2026-08-07 16:22:33,621 - INFO - Extracting Data......
2026-08-07 16:22:33,727 - INFO - Extracting Data......
2026-08-07 16:22:33,802 - INFO - Extracting Data......
2026-08-07 16:22:33,895 - INFO - Extracting Data......
2026-08-07 16:22:33,970 - INFO - Extracting Data......
2026-08-07 16:22:34,040 - INFO - Extracting Data......
2026-08-07 16:22:34,126 - INFO - Extracting Data......
2026-08-07 16:22:34,196 - INFO - Extracting Data......
2026-08-07 16:22:34,293 - INFO - Extracting Data......
2026-08-07 16:22:34,301 - INFO - Extracting Data......
2026-08-07 16:22:34,332 - INFO - Extracting Data......
2026-08-07 16:22:34,348 - INFO - Extracting Data......
2026-08-07 16:22:34,365 - INFO - Extracting Data......
2026-08-07 16:22:34,383 - INFO - Extracting Data......
2026-08-07 16:22:34,402 - INFO - Extracting Data......
2026-08-07 16:22:34,420 - INFO - Extracting Data......
2026-08-07 16:22:34,441 - INFO - Extracting Data......
2026-08-07 16:22:34,460 - INFO - Extracting Data......
2026-08-07 16:22:34,478 - INFO - Extracting Data......
2026-08-07 16:22:34,492 - INFO - Extracting Data......
2026-08-07 16:22:34,564 - INFO - Extracting Data......
2026-08-07 16:22:34,588 - INFO - Extracting Data......
2026-08-07 16:22:34,599 - INFO - Extracting Data......
2026-08-07 16:22:34,607 - INFO - Extracting Data......
2026-08-07 16:22:34,617 - INFO - Extracting Data......
2026-08-07 16:22:34,625 - INFO - Extracting Data......
2026-08-07 16:22:34,637 - INFO - Extracting Data......
2026-08-07 16:22:34,651 - INFO - Extracting Data......
2026-08-07 16:22:34,660 - INFO - Extracting Data......
2026-08-07 16:22:34,671 - INFO - Extracting Data......
2026-08-07 16:22:34,686 - INFO - Extracting Data......
2026-08-07 16:22:34,702 - INFO - Extracting Data......
2026-08-07 16:22:34,717 - INFO - Extracting Data......
2026-08-07 16:22:34,734 - INFO - Extracting Data......
2026-08-07 16:22:34,749 - INFO - Extracting Data......
2026-08-07 16:22:34,759 - INFO - Extracting Data......
2026-08-07 16:22:34,772 - INFO - Extracting Data......
2026-08-07 16:22:34,785 - INFO - Extracting Data......
2026-08-07 16:22:34,798 - INFO - Extracting Data......
2026-08-07 16:22:34,806 - INFO - Extracting Data......
2026-08-07 16:22:34,818 - INFO - Extracting Data......
2026-08-07 16:22:34,830 - INFO - Extracting Data......
2026-08-07 16:22:34,839 - INFO - Extracting Data......
2026-08-07 16:22:34,852 - INFO - Extracting Data......
2026-08-07 16:22:34,863 - INFO - Extracting Data......
2026-08-07 16:22:34,872 - INFO - Extracting Data......
2026-08-07 16:22:34,885 - INFO - Extracting Data......
2026-08-07 16:22:34,893 - INFO - Extracting Data......
2026-08-07 16:22:34,905 - INFO - Extracting Data......
2026-08-07 16:22:34,921 - INFO - Extracting Data......
2026-08-07 16:22:34,936 - INFO - Extracting Data......
2026-08-07 16:22:34,952 - INFO - Extracting Data......
2026-08-07 16:22:34,963 - INFO - Extracting Data......
2026-08-07 16:22:34,975 - INFO - Extracting Data......
2026-08-07 16:22:34,990 - INFO - Extracting Data......
2026-08-07 16:22:35,002 - INFO - Extracting Data......
2026-08-07 16:22:35,015 - INFO - Extracting Data......
2026-08-07 16:22:35,023 - INFO - Extracting Data......
2026-08-07 16:22:35,035 - INFO - Extracting Data......
2026-08-07 16:22:35,042 - INFO - Extracting Data......
2026-08-07 16:22:35,052 - INFO - Extracting Data......
2026-08-07 16:22:35,063 - INFO - Extracting Data......
2026-08-07 16:22:35,073 - INFO - Extracting Data......
2026-08-07 16:22:35,085 - INFO - Extracting Data......
2026-08-07 16:22:35,093 - INFO - Extracting Data......
2026-08-07 16:22:35,108 - INFO - Extracting Data......
2026-08-07 16:22:35,124 - INFO - Extracting Data......
2026-08-07 16:22:35,141 - INFO - Extracting Data......
2026-08-07 16:22:35,156 - INFO - Extracting Data......
2026-08-07 16:22:35,171 - INFO - Extracting Data......
2026-08-07 16:22:35,183 - INFO - Extracting Data......
2026-08-07 16:22:35,197 - INFO - Extracting Data......
2026-08-07 16:22:35,206 - INFO - Extracting Data......
2026-08-07 16:22:35,220 - INFO - Extracting Data......
2026-08-07 16:22:35,232 - INFO - Extracting Data......
2026-08-07 16:22:35,239 - INFO - Extracting Data......
2026-08-07 16:22:35,251 - INFO - Extracting Data......
2026-08-07 16:22:35,259 - INFO - Extracting Data......
2026-08-07 16:22:35,270 - INFO - Extracting Data......
2026-08-07 16:22:35,281 - INFO - Extracting Data......
2026-08-07 16:22:35,300 - INFO - Extracting Data......
2026-08-07 16:22:35,314 - INFO - Extracting Data......
2026-08-07 16:22:35,324 - INFO - Extracting Data......
2026-08-07 16:22:35,344 - INFO - Extracting Data......
2026-08-07 16:22:35,427 - INFO - Extracting Data......
2026-08-07 16:22:35,503 - INFO - Extracting Data......
2026-08-07 16:22:35,588 - INFO - Extracting Data......
2026-08-07 16:22:35,665 - INFO - Extracting Data......
2026-08-07 16:22:35,770 - INFO - Extracting Data......
2026-08-07 16:22:35,853 - INFO - Extracting Data......
2026-08-07 16:22:35,918 - INFO - Extracting Data......
2026-08-07 16:22:35,999 - INFO - Extracting Data......
2026-08-07 16:22:36,081 - INFO - Extracting Data......
2026-08-07 16:22:36,148 - INFO - Extracting Data......
2026-08-07 16:22:36,239 - INFO - Extracting Data......
2026-08-07 16:22:36,296 - INFO - Extracting Data......
2026-08-07 16:22:36,359 - INFO - Extracting Data......
2026-08-07 16:22:36,438 - INFO - Extracting Data......
2026-08-07 16:22:36,514 - INFO - Extracting Data......
2026-08-07 16:22:36,603 - INFO - Extracting Data......
2026-08-07 16:22:36,672 - INFO - Extracting Data......
2026-08-07 16:22:36,730 - INFO - Extracting Data......
2026-08-07 16:22:36,805 - INFO - Extracting Data......
2026-08-07 16:22:36,888 - INFO - Extracting Data......
2026-08-07 16:22:36,975 - INFO - Extracting Data......
2026-08-07 16:22:37,062 - INFO - Extracting Data......
2026-08-07 16:22:37,128 - INFO - Extracting Data......
2026-08-07 16:22:37,184 - INFO - Extracting Data......
2026-08-07 16:22:37,272 - INFO - Scrolling to load more........
2026-08-07 16:22:39,341 - INFO - Button Found.....
2026-08-07 16:22:43,889 - INFO - New Length: 200
2026-08-07 16:22:43,917 - INFO - Total hotels found: 149
2026-08-07 16:22:43,917 - INFO - Previous Length: 200
2026-08-07 16:22:43,917 - INFO - Extracting Data......
2026-08-07 16:22:44,004 - INFO - Extracting Data......
2026-08-07 16:22:44,069 - INFO - Extracting Data......
2026-08-07 16:22:44,147 - INFO - Extracting Data......
2026-08-07 16:22:44,205 - INFO - Extracting Data......
2026-08-07 16:22:44,279 - INFO - Extracting Data......
2026-08-07 16:22:44,368 - INFO - Extracting Data......
2026-08-07 16:22:44,432 - INFO - Extracting Data......
2026-08-07 16:22:44,508 - INFO - Extracting Data......
2026-08-07 16:22:44,586 - INFO - Extracting Data......
2026-08-07 16:22:44,669 - INFO - Extracting Data......
2026-08-07 16:22:44,749 - INFO - Extracting Data......
2026-08-07 16:22:44,817 - INFO - Extracting Data......
2026-08-07 16:22:44,883 - INFO - Extracting Data......
2026-08-07 16:22:44,966 - INFO - Extracting Data......
2026-08-07 16:22:45,039 - INFO - Extracting Data......
2026-08-07 16:22:45,108 - INFO - Extracting Data......
2026-08-07 16:22:45,183 - INFO - Extracting Data......
2026-08-07 16:22:45,259 - INFO - Extracting Data......
2026-08-07 16:22:45,325 - INFO - Extracting Data......
2026-08-07 16:22:45,416 - INFO - Extracting Data......
2026-08-07 16:22:45,479 - INFO - Extracting Data......
2026-08-07 16:22:45,642 - INFO - Extracting Data......
2026-08-07 16:22:45,711 - INFO - Extracting Data......
2026-08-07 16:22:45,808 - INFO - Extracting Data......
2026-08-07 16:22:45,898 - INFO - Extracting Data......
2026-08-07 16:22:45,914 - INFO - Extracting Data......
2026-08-07 16:22:45,922 - INFO - Extracting Data......
2026-08-07 16:22:45,933 - INFO - Extracting Data......
2026-08-07 16:22:45,945 - INFO - Extracting Data......
2026-08-07 16:22:45,957 - INFO - Extracting Data......
2026-08-07 16:22:45,982 - INFO - Extracting Data......
2026-08-07 16:22:46,001 - INFO - Extracting Data......
2026-08-07 16:22:46,018 - INFO - Extracting Data......
2026-08-07 16:22:46,032 - INFO - Extracting Data......
2026-08-07 16:22:46,044 - INFO - Extracting Data......
2026-08-07 16:22:46,055 - INFO - Extracting Data......
2026-08-07 16:22:46,067 - INFO - Extracting Data......
2026-08-07 16:22:46,077 - INFO - Extracting Data......
2026-08-07 16:22:46,085 - INFO - Extracting Data......
2026-08-07 16:22:46,096 - INFO - Extracting Data......
2026-08-07 16:22:46,104 - INFO - Extracting Data......
2026-08-07 16:22:46,115 - INFO - Extracting Data......
2026-08-07 16:22:46,122 - INFO - Extracting Data......
2026-08-07 16:22:46,133 - INFO - Extracting Data......
2026-08-07 16:22:46,141 - INFO - Extracting Data......
2026-08-07 16:22:46,152 - INFO - Extracting Data......
2026-08-07 16:22:46,165 - INFO - Extracting Data......
2026-08-07 16:22:46,172 - INFO - Extracting Data......
2026-08-07 16:22:46,189 - INFO - Extracting Data......
2026-08-07 16:22:46,206 - INFO - Extracting Data......
2026-08-07 16:22:46,222 - INFO - Extracting Data......
2026-08-07 16:22:46,235 - INFO - Extracting Data......
2026-08-07 16:22:46,248 - INFO - Extracting Data......
2026-08-07 16:22:46,260 - INFO - Extracting Data......
2026-08-07 16:22:46,271 - INFO - Extracting Data......
2026-08-07 16:22:46,283 - INFO - Extracting Data......
2026-08-07 16:22:46,290 - INFO - Extracting Data......
2026-08-07 16:22:46,301 - INFO - Extracting Data......
2026-08-07 16:22:46,312 - INFO - Extracting Data......
2026-08-07 16:22:46,320 - INFO - Extracting Data......
2026-08-07 16:22:46,350 - INFO - Extracting Data......
2026-08-07 16:22:46,366 - INFO - Extracting Data......
2026-08-07 16:22:46,374 - INFO - Extracting Data......
2026-08-07 16:22:46,395 - INFO - Extracting Data......
2026-08-07 16:22:46,413 - INFO - Extracting Data......
2026-08-07 16:22:46,433 - INFO - Extracting Data......
2026-08-07 16:22:46,446 - INFO - Extracting Data......
2026-08-07 16:22:46,460 - INFO - Extracting Data......
2026-08-07 16:22:46,474 - INFO - Extracting Data......
2026-08-07 16:22:46,489 - INFO - Extracting Data......
2026-08-07 16:22:46,502 - INFO - Extracting Data......
2026-08-07 16:22:46,513 - INFO - Extracting Data......
2026-08-07 16:22:46,521 - INFO - Extracting Data......
2026-08-07 16:22:46,533 - INFO - Extracting Data......
2026-08-07 16:22:46,541 - INFO - Extracting Data......
2026-08-07 16:22:46,552 - INFO - Extracting Data......
2026-08-07 16:22:46,564 - INFO - Extracting Data......
2026-08-07 16:22:46,573 - INFO - Extracting Data......
2026-08-07 16:22:46,583 - INFO - Extracting Data......
2026-08-07 16:22:46,594 - INFO - Extracting Data......
2026-08-07 16:22:46,607 - INFO - Extracting Data......
2026-08-07 16:22:46,625 - INFO - Extracting Data......
2026-08-07 16:22:46,645 - INFO - Extracting Data......
2026-08-07 16:22:46,655 - INFO - Extracting Data......
2026-08-07 16:22:46,668 - INFO - Extracting Data......
2026-08-07 16:22:46,680 - INFO - Extracting Data......
2026-08-07 16:22:46,689 - INFO - Extracting Data......
2026-08-07 16:22:46,702 - INFO - Extracting Data......
2026-08-07 16:22:46,715 - INFO - Extracting Data......
2026-08-07 16:22:46,722 - INFO - Extracting Data......
2026-08-07 16:22:46,733 - INFO - Extracting Data......
2026-08-07 16:22:46,743 - INFO - Extracting Data......
2026-08-07 16:22:46,754 - INFO - Extracting Data......
2026-08-07 16:22:46,765 - INFO - Extracting Data......
2026-08-07 16:22:46,772 - INFO - Extracting Data......
2026-08-07 16:22:46,782 - INFO - Extracting Data......
2026-08-07 16:22:46,792 - INFO - Extracting Data......
2026-08-07 16:22:46,804 - INFO - Extracting Data......
2026-08-07 16:22:46,819 - INFO - Extracting Data......
2026-08-07 16:22:46,834 - INFO - Extracting Data......
2026-08-07 16:22:46,850 - INFO - Extracting Data......
2026-08-07 16:22:46,868 - INFO - Extracting Data......
2026-08-07 16:22:46,884 - INFO - Extracting Data......
2026-08-07 16:22:46,901 - INFO - Extracting Data......
2026-08-07 16:22:46,918 - INFO - Extracting Data......
2026-08-07 16:22:46,932 - INFO - Extracting Data......
2026-08-07 16:22:46,942 - INFO - Extracting Data......
2026-08-07 16:22:46,952 - INFO - Extracting Data......
2026-08-07 16:22:46,963 - INFO - Extracting Data......
2026-08-07 16:22:46,971 - INFO - Extracting Data......
2026-08-07 16:22:46,982 - INFO - Extracting Data......
2026-08-07 16:22:46,990 - INFO - Extracting Data......
2026-08-07 16:22:47,001 - INFO - Extracting Data......
2026-08-07 16:22:47,013 - INFO - Extracting Data......
2026-08-07 16:22:47,021 - INFO - Extracting Data......
2026-08-07 16:22:47,097 - INFO - Extracting Data......
2026-08-07 16:22:47,110 - INFO - Extracting Data......
2026-08-07 16:22:47,119 - INFO - Extracting Data......
2026-08-07 16:22:47,132 - INFO - Extracting Data......
2026-08-07 16:22:47,145 - INFO - Extracting Data......
2026-08-07 16:22:47,154 - INFO - Extracting Data......
2026-08-07 16:22:47,168 - INFO - Extracting Data......
2026-08-07 16:22:47,179 - INFO - Extracting Data......
2026-08-07 16:22:47,187 - INFO - Extracting Data......
2026-08-07 16:22:47,197 - INFO - Extracting Data......
2026-08-07 16:22:47,262 - INFO - Extracting Data......
2026-08-07 16:22:47,342 - INFO - Extracting Data......
2026-08-07 16:22:47,405 - INFO - Extracting Data......
2026-08-07 16:22:47,466 - INFO - Extracting Data......
2026-08-07 16:22:47,561 - INFO - Extracting Data......
2026-08-07 16:22:47,631 - INFO - Extracting Data......
2026-08-07 16:22:47,728 - INFO - Extracting Data......
2026-08-07 16:22:47,792 - INFO - Extracting Data......
2026-08-07 16:22:47,871 - INFO - Extracting Data......
2026-08-07 16:22:47,958 - INFO - Extracting Data......
2026-08-07 16:22:48,036 - INFO - Extracting Data......
2026-08-07 16:22:48,127 - INFO - Extracting Data......
2026-08-07 16:22:48,210 - INFO - Extracting Data......
2026-08-07 16:22:48,273 - INFO - Extracting Data......
2026-08-07 16:22:48,358 - INFO - Extracting Data......
2026-08-07 16:22:48,433 - INFO - Extracting Data......
2026-08-07 16:22:48,525 - INFO - Extracting Data......
2026-08-07 16:22:48,617 - INFO - Extracting Data......
2026-08-07 16:22:48,696 - INFO - Extracting Data......
2026-08-07 16:22:48,786 - INFO - Extracting Data......
2026-08-07 16:22:48,871 - INFO - Extracting Data......
2026-08-07 16:22:48,951 - INFO - Extracting Data......
2026-08-07 16:22:49,039 - INFO - Extracting Data......
2026-08-07 16:22:49,109 - INFO - Scrolling to load more........
2026-08-07 16:22:51,182 - INFO - Button Found.....
2026-08-07 16:22:55,803 - INFO - New Length: 249
2026-08-07 16:22:55,853 - INFO - Total hotels found: 174
2026-08-07 16:22:55,854 - INFO - Previous Length: 249
2026-08-07 16:22:55,854 - INFO - Extracting Data......
2026-08-07 16:22:55,989 - INFO - Extracting Data......
2026-08-07 16:22:56,065 - INFO - Extracting Data......
2026-08-07 16:22:56,141 - INFO - Extracting Data......
2026-08-07 16:22:56,209 - INFO - Extracting Data......
2026-08-07 16:22:56,292 - INFO - Extracting Data......
2026-08-07 16:22:56,369 - INFO - Extracting Data......
2026-08-07 16:22:56,430 - INFO - Extracting Data......
2026-08-07 16:22:56,517 - INFO - Extracting Data......
2026-08-07 16:22:56,589 - INFO - Extracting Data......
2026-08-07 16:22:56,666 - INFO - Extracting Data......
2026-08-07 16:22:56,753 - INFO - Extracting Data......
2026-08-07 16:22:56,822 - INFO - Extracting Data......
2026-08-07 16:22:56,901 - INFO - Extracting Data......
2026-08-07 16:22:56,995 - INFO - Extracting Data......
2026-08-07 16:22:57,072 - INFO - Extracting Data......
2026-08-07 16:22:57,166 - INFO - Extracting Data......
2026-08-07 16:22:57,247 - INFO - Extracting Data......
2026-08-07 16:22:57,328 - INFO - Extracting Data......
2026-08-07 16:22:57,429 - INFO - Extracting Data......
2026-08-07 16:22:57,499 - INFO - Extracting Data......
2026-08-07 16:22:57,580 - INFO - Extracting Data......
2026-08-07 16:22:57,646 - INFO - Extracting Data......
2026-08-07 16:22:57,703 - INFO - Extracting Data......
2026-08-07 16:22:57,785 - INFO - Extracting Data......
2026-08-07 16:22:57,867 - INFO - Extracting Data......
2026-08-07 16:22:57,875 - INFO - Extracting Data......
2026-08-07 16:22:57,887 - INFO - Extracting Data......
2026-08-07 16:22:57,897 - INFO - Extracting Data......
2026-08-07 16:22:57,907 - INFO - Extracting Data......
2026-08-07 16:22:57,918 - INFO - Extracting Data......
2026-08-07 16:22:57,929 - INFO - Extracting Data......
2026-08-07 16:22:57,937 - INFO - Extracting Data......
2026-08-07 16:22:57,951 - INFO - Extracting Data......
2026-08-07 16:22:57,971 - INFO - Extracting Data......
2026-08-07 16:22:57,993 - INFO - Extracting Data......
2026-08-07 16:22:58,005 - INFO - Extracting Data......
2026-08-07 16:22:58,019 - INFO - Extracting Data......
2026-08-07 16:22:58,033 - INFO - Extracting Data......
2026-08-07 16:22:58,046 - INFO - Extracting Data......
2026-08-07 16:22:58,055 - INFO - Extracting Data......
2026-08-07 16:22:58,067 - INFO - Extracting Data......
2026-08-07 16:22:58,079 - INFO - Extracting Data......
2026-08-07 16:22:58,086 - INFO - Extracting Data......
2026-08-07 16:22:58,097 - INFO - Extracting Data......
2026-08-07 16:22:58,106 - INFO - Extracting Data......
2026-08-07 16:22:58,117 - INFO - Extracting Data......
2026-08-07 16:22:58,128 - INFO - Extracting Data......
2026-08-07 16:22:58,136 - INFO - Extracting Data......
2026-08-07 16:22:58,148 - INFO - Extracting Data......
2026-08-07 16:22:58,166 - INFO - Extracting Data......
2026-08-07 16:22:58,201 - INFO - Extracting Data......
2026-08-07 16:22:58,216 - INFO - Extracting Data......
2026-08-07 16:22:58,230 - INFO - Extracting Data......
2026-08-07 16:22:58,301 - INFO - Extracting Data......
2026-08-07 16:22:58,321 - INFO - Extracting Data......
2026-08-07 16:22:58,331 - INFO - Extracting Data......
2026-08-07 16:22:58,342 - INFO - Extracting Data......
2026-08-07 16:22:58,350 - INFO - Extracting Data......
2026-08-07 16:22:58,362 - INFO - Extracting Data......
2026-08-07 16:22:58,373 - INFO - Extracting Data......
2026-08-07 16:22:58,386 - INFO - Extracting Data......
2026-08-07 16:22:58,399 - INFO - Extracting Data......
2026-08-07 16:22:58,415 - INFO - Extracting Data......
2026-08-07 16:22:58,432 - INFO - Extracting Data......
2026-08-07 16:22:58,450 - INFO - Extracting Data......
2026-08-07 16:22:58,468 - INFO - Extracting Data......
2026-08-07 16:22:58,485 - INFO - Extracting Data......
2026-08-07 16:22:58,501 - INFO - Extracting Data......
2026-08-07 16:22:58,516 - INFO - Extracting Data......
2026-08-07 16:22:58,530 - INFO - Extracting Data......
2026-08-07 16:22:58,543 - INFO - Extracting Data......
2026-08-07 16:22:58,552 - INFO - Extracting Data......
2026-08-07 16:22:58,564 - INFO - Extracting Data......
2026-08-07 16:22:58,572 - INFO - Extracting Data......
2026-08-07 16:22:58,585 - INFO - Extracting Data......
2026-08-07 16:22:58,597 - INFO - Extracting Data......
2026-08-07 16:22:58,609 - INFO - Extracting Data......
2026-08-07 16:22:58,618 - INFO - Extracting Data......
2026-08-07 16:22:58,629 - INFO - Extracting Data......
2026-08-07 16:22:58,636 - INFO - Extracting Data......
2026-08-07 16:22:58,649 - INFO - Extracting Data......
2026-08-07 16:22:58,665 - INFO - Extracting Data......
2026-08-07 16:22:58,683 - INFO - Extracting Data......
2026-08-07 16:22:58,701 - INFO - Extracting Data......
2026-08-07 16:22:58,715 - INFO - Extracting Data......
2026-08-07 16:22:58,730 - INFO - Extracting Data......
2026-08-07 16:22:58,744 - INFO - Extracting Data......
2026-08-07 16:22:58,753 - INFO - Extracting Data......
2026-08-07 16:22:58,765 - INFO - Extracting Data......
2026-08-07 16:22:58,776 - INFO - Extracting Data......
2026-08-07 16:22:58,785 - INFO - Extracting Data......
2026-08-07 16:22:58,797 - INFO - Extracting Data......
2026-08-07 16:22:58,805 - INFO - Extracting Data......
2026-08-07 16:22:58,816 - INFO - Extracting Data......
2026-08-07 16:22:58,828 - INFO - Extracting Data......
2026-08-07 16:22:58,835 - INFO - Extracting Data......
2026-08-07 16:22:58,847 - INFO - Extracting Data......
2026-08-07 16:22:58,854 - INFO - Extracting Data......
2026-08-07 16:22:58,871 - INFO - Extracting Data......
2026-08-07 16:22:58,887 - INFO - Extracting Data......
2026-08-07 16:22:58,911 - INFO - Extracting Data......
2026-08-07 16:22:58,927 - INFO - Extracting Data......
2026-08-07 16:22:58,937 - INFO - Extracting Data......
2026-08-07 16:22:58,950 - INFO - Extracting Data......
2026-08-07 16:22:58,963 - INFO - Extracting Data......
2026-08-07 16:22:58,973 - INFO - Extracting Data......
2026-08-07 16:22:58,984 - INFO - Extracting Data......
2026-08-07 16:22:58,996 - INFO - Extracting Data......
2026-08-07 16:22:59,003 - INFO - Extracting Data......
2026-08-07 16:22:59,014 - INFO - Extracting Data......
2026-08-07 16:22:59,022 - INFO - Extracting Data......
2026-08-07 16:22:59,034 - INFO - Extracting Data......
2026-08-07 16:22:59,046 - INFO - Extracting Data......
2026-08-07 16:22:59,056 - INFO - Extracting Data......
2026-08-07 16:22:59,068 - INFO - Extracting Data......
2026-08-07 16:22:59,137 - INFO - Extracting Data......
2026-08-07 16:22:59,166 - INFO - Extracting Data......
2026-08-07 16:22:59,181 - INFO - Extracting Data......
2026-08-07 16:22:59,194 - INFO - Extracting Data......
2026-08-07 16:22:59,202 - INFO - Extracting Data......
2026-08-07 16:22:59,216 - INFO - Extracting Data......
2026-08-07 16:22:59,228 - INFO - Extracting Data......
2026-08-07 16:22:59,236 - INFO - Extracting Data......
2026-08-07 16:22:59,265 - INFO - Extracting Data......
2026-08-07 16:22:59,279 - INFO - Extracting Data......
2026-08-07 16:22:59,288 - INFO - Extracting Data......
2026-08-07 16:22:59,299 - INFO - Extracting Data......
2026-08-07 16:22:59,311 - INFO - Extracting Data......
2026-08-07 16:22:59,327 - INFO - Extracting Data......
2026-08-07 16:22:59,344 - INFO - Extracting Data......
2026-08-07 16:22:59,362 - INFO - Extracting Data......
2026-08-07 16:22:59,373 - INFO - Extracting Data......
2026-08-07 16:22:59,388 - INFO - Extracting Data......
2026-08-07 16:22:59,401 - INFO - Extracting Data......
2026-08-07 16:22:59,413 - INFO - Extracting Data......
2026-08-07 16:22:59,423 - INFO - Extracting Data......
2026-08-07 16:22:59,434 - INFO - Extracting Data......
2026-08-07 16:22:59,447 - INFO - Extracting Data......
2026-08-07 16:22:59,455 - INFO - Extracting Data......
2026-08-07 16:22:59,467 - INFO - Extracting Data......
2026-08-07 16:22:59,478 - INFO - Extracting Data......
2026-08-07 16:22:59,485 - INFO - Extracting Data......
2026-08-07 16:22:59,497 - INFO - Extracting Data......
2026-08-07 16:22:59,505 - INFO - Extracting Data......
2026-08-07 16:22:59,521 - INFO - Extracting Data......
2026-08-07 16:22:59,534 - INFO - Extracting Data......
2026-08-07 16:22:59,547 - INFO - Extracting Data......
2026-08-07 16:22:59,560 - INFO - Extracting Data......
2026-08-07 16:22:59,578 - INFO - Extracting Data......
2026-08-07 16:22:59,655 - INFO - Extracting Data......
2026-08-07 16:22:59,710 - INFO - Extracting Data......
2026-08-07 16:22:59,791 - INFO - Extracting Data......
2026-08-07 16:22:59,861 - INFO - Extracting Data......
2026-08-07 16:22:59,930 - INFO - Extracting Data......
2026-08-07 16:23:00,023 - INFO - Extracting Data......
2026-08-07 16:23:00,106 - INFO - Extracting Data......
2026-08-07 16:23:00,183 - INFO - Extracting Data......
2026-08-07 16:23:00,285 - INFO - Extracting Data......
2026-08-07 16:23:00,344 - INFO - Extracting Data......
2026-08-07 16:23:00,432 - INFO - Extracting Data......
2026-08-07 16:23:00,522 - INFO - Extracting Data......
2026-08-07 16:23:00,612 - INFO - Extracting Data......
2026-08-07 16:23:00,705 - INFO - Extracting Data......
2026-08-07 16:23:00,776 - INFO - Extracting Data......
2026-08-07 16:23:00,864 - INFO - Extracting Data......
2026-08-07 16:23:00,930 - INFO - Extracting Data......
2026-08-07 16:23:01,005 - INFO - Extracting Data......
2026-08-07 16:23:01,100 - INFO - Extracting Data......
2026-08-07 16:23:01,193 - INFO - Extracting Data......
2026-08-07 16:23:01,288 - INFO - Extracting Data......
2026-08-07 16:23:01,365 - INFO - Extracting Data......
2026-08-07 16:23:01,444 - INFO - Extracting Data......
2026-08-07 16:23:01,527 - INFO - Extracting Data......
2026-08-07 16:23:01,585 - INFO - Scrolling to load more........
2026-08-07 16:23:03,663 - INFO - Button Found.....
2026-08-07 16:23:08,361 - INFO - New Length: 299
2026-08-07 16:23:08,389 - INFO - Total hotels found: 199
2026-08-07 16:23:08,391 - INFO - Previous Length: 299
2026-08-07 16:23:08,391 - INFO - Extracting Data......
2026-08-07 16:23:08,531 - INFO - Extracting Data......
2026-08-07 16:23:08,619 - INFO - Extracting Data......
2026-08-07 16:23:08,716 - INFO - Extracting Data......
2026-08-07 16:23:08,797 - INFO - Extracting Data......
2026-08-07 16:23:08,881 - INFO - Extracting Data......
2026-08-07 16:23:08,967 - INFO - Extracting Data......
2026-08-07 16:23:09,056 - INFO - Extracting Data......
2026-08-07 16:23:09,144 - INFO - Extracting Data......
2026-08-07 16:23:09,214 - INFO - Extracting Data......
2026-08-07 16:23:09,305 - INFO - Extracting Data......
2026-08-07 16:23:09,387 - INFO - Extracting Data......
2026-08-07 16:23:09,477 - INFO - Extracting Data......
2026-08-07 16:23:09,545 - INFO - Extracting Data......
2026-08-07 16:23:09,610 - INFO - Extracting Data......
2026-08-07 16:23:09,691 - INFO - Extracting Data......
2026-08-07 16:23:09,764 - INFO - Extracting Data......
2026-08-07 16:23:09,838 - INFO - Extracting Data......
2026-08-07 16:23:09,925 - INFO - Extracting Data......
2026-08-07 16:23:10,012 - INFO - Extracting Data......
2026-08-07 16:23:10,099 - INFO - Extracting Data......
2026-08-07 16:23:10,164 - INFO - Extracting Data......
2026-08-07 16:23:10,235 - INFO - Extracting Data......
2026-08-07 16:23:10,326 - INFO - Extracting Data......
2026-08-07 16:23:10,398 - INFO - Extracting Data......
2026-08-07 16:23:10,496 - INFO - Extracting Data......
2026-08-07 16:23:10,510 - INFO - Extracting Data......
2026-08-07 16:23:10,521 - INFO - Extracting Data......
2026-08-07 16:23:10,535 - INFO - Extracting Data......
2026-08-07 16:23:10,550 - INFO - Extracting Data......
2026-08-07 16:23:10,563 - INFO - Extracting Data......
2026-08-07 16:23:10,575 - INFO - Extracting Data......
2026-08-07 16:23:10,583 - INFO - Extracting Data......
2026-08-07 16:23:10,595 - INFO - Extracting Data......
2026-08-07 16:23:10,602 - INFO - Extracting Data......
2026-08-07 16:23:10,638 - INFO - Extracting Data......
2026-08-07 16:23:10,654 - INFO - Extracting Data......
2026-08-07 16:23:10,676 - INFO - Extracting Data......
2026-08-07 16:23:10,693 - INFO - Extracting Data......
2026-08-07 16:23:10,706 - INFO - Extracting Data......
2026-08-07 16:23:10,718 - INFO - Extracting Data......
2026-08-07 16:23:10,731 - INFO - Extracting Data......
2026-08-07 16:23:10,743 - INFO - Extracting Data......
2026-08-07 16:23:10,753 - INFO - Extracting Data......
2026-08-07 16:23:10,765 - INFO - Extracting Data......
2026-08-07 16:23:10,777 - INFO - Extracting Data......
2026-08-07 16:23:10,786 - INFO - Extracting Data......
2026-08-07 16:23:10,797 - INFO - Extracting Data......
2026-08-07 16:23:10,808 - INFO - Extracting Data......
2026-08-07 16:23:10,817 - INFO - Extracting Data......
2026-08-07 16:23:10,828 - INFO - Extracting Data......
2026-08-07 16:23:10,835 - INFO - Extracting Data......
2026-08-07 16:23:10,845 - INFO - Extracting Data......
2026-08-07 16:23:10,853 - INFO - Extracting Data......
2026-08-07 16:23:10,871 - INFO - Extracting Data......
2026-08-07 16:23:10,887 - INFO - Extracting Data......
2026-08-07 16:23:10,901 - INFO - Extracting Data......
2026-08-07 16:23:10,916 - INFO - Extracting Data......
2026-08-07 16:23:10,929 - INFO - Extracting Data......
2026-08-07 16:23:10,941 - INFO - Extracting Data......
2026-08-07 16:23:10,950 - INFO - Extracting Data......
2026-08-07 16:23:10,965 - INFO - Extracting Data......
2026-08-07 16:23:10,977 - INFO - Extracting Data......
2026-08-07 16:23:10,986 - INFO - Extracting Data......
2026-08-07 16:23:10,998 - INFO - Extracting Data......
2026-08-07 16:23:11,011 - INFO - Extracting Data......
2026-08-07 16:23:11,046 - INFO - Extracting Data......
2026-08-07 16:23:11,060 - INFO - Extracting Data......
2026-08-07 16:23:11,070 - INFO - Extracting Data......
2026-08-07 16:23:11,175 - INFO - Extracting Data......
2026-08-07 16:23:11,188 - INFO - Extracting Data......
2026-08-07 16:23:11,201 - INFO - Extracting Data......
2026-08-07 16:23:11,217 - INFO - Extracting Data......
2026-08-07 16:23:11,232 - INFO - Extracting Data......
2026-08-07 16:23:11,247 - INFO - Extracting Data......
2026-08-07 16:23:11,260 - INFO - Extracting Data......
2026-08-07 16:23:11,268 - INFO - Extracting Data......
2026-08-07 16:23:11,279 - INFO - Extracting Data......
2026-08-07 16:23:11,287 - INFO - Extracting Data......
2026-08-07 16:23:11,297 - INFO - Extracting Data......
2026-08-07 16:23:11,308 - INFO - Extracting Data......
2026-08-07 16:23:11,316 - INFO - Extracting Data......
2026-08-07 16:23:11,327 - INFO - Extracting Data......
2026-08-07 16:23:11,335 - INFO - Extracting Data......
2026-08-07 16:23:11,349 - INFO - Extracting Data......
2026-08-07 16:23:11,366 - INFO - Extracting Data......
2026-08-07 16:23:11,384 - INFO - Extracting Data......
2026-08-07 16:23:11,400 - INFO - Extracting Data......
2026-08-07 16:23:11,414 - INFO - Extracting Data......
2026-08-07 16:23:11,428 - INFO - Extracting Data......
2026-08-07 16:23:11,440 - INFO - Extracting Data......
2026-08-07 16:23:11,452 - INFO - Extracting Data......
2026-08-07 16:23:11,465 - INFO - Extracting Data......
2026-08-07 16:23:11,475 - INFO - Extracting Data......
2026-08-07 16:23:11,483 - INFO - Extracting Data......
2026-08-07 16:23:11,494 - INFO - Extracting Data......
2026-08-07 16:23:11,502 - INFO - Extracting Data......
2026-08-07 16:23:11,515 - INFO - Extracting Data......
2026-08-07 16:23:11,527 - INFO - Extracting Data......
2026-08-07 16:23:11,535 - INFO - Extracting Data......
2026-08-07 16:23:11,547 - INFO - Extracting Data......
2026-08-07 16:23:11,558 - INFO - Extracting Data......
2026-08-07 16:23:11,566 - INFO - Extracting Data......
2026-08-07 16:23:11,580 - INFO - Extracting Data......
2026-08-07 16:23:11,598 - INFO - Extracting Data......
2026-08-07 16:23:11,614 - INFO - Extracting Data......
2026-08-07 16:23:11,628 - INFO - Extracting Data......
2026-08-07 16:23:11,638 - INFO - Extracting Data......
2026-08-07 16:23:11,650 - INFO - Extracting Data......
2026-08-07 16:23:11,663 - INFO - Extracting Data......
2026-08-07 16:23:11,675 - INFO - Extracting Data......
2026-08-07 16:23:11,683 - INFO - Extracting Data......
2026-08-07 16:23:11,694 - INFO - Extracting Data......
2026-08-07 16:23:11,701 - INFO - Extracting Data......
2026-08-07 16:23:11,711 - INFO - Extracting Data......
2026-08-07 16:23:11,718 - INFO - Extracting Data......
2026-08-07 16:23:11,729 - INFO - Extracting Data......
2026-08-07 16:23:11,736 - INFO - Extracting Data......
2026-08-07 16:23:11,749 - INFO - Extracting Data......
2026-08-07 16:23:11,766 - INFO - Extracting Data......
2026-08-07 16:23:11,798 - INFO - Extracting Data......
2026-08-07 16:23:11,815 - INFO - Extracting Data......
2026-08-07 16:23:11,829 - INFO - Extracting Data......
2026-08-07 16:23:11,843 - INFO - Extracting Data......
2026-08-07 16:23:11,852 - INFO - Extracting Data......
2026-08-07 16:23:11,865 - INFO - Extracting Data......
2026-08-07 16:23:11,878 - INFO - Extracting Data......
2026-08-07 16:23:11,886 - INFO - Extracting Data......
2026-08-07 16:23:11,897 - INFO - Extracting Data......
2026-08-07 16:23:11,908 - INFO - Extracting Data......
2026-08-07 16:23:11,916 - INFO - Extracting Data......
2026-08-07 16:23:11,928 - INFO - Extracting Data......
2026-08-07 16:23:11,936 - INFO - Extracting Data......
2026-08-07 16:23:11,947 - INFO - Extracting Data......
2026-08-07 16:23:11,956 - INFO - Extracting Data......
2026-08-07 16:23:11,968 - INFO - Extracting Data......
2026-08-07 16:23:11,980 - INFO - Extracting Data......
2026-08-07 16:23:11,992 - INFO - Extracting Data......
2026-08-07 16:23:12,007 - INFO - Extracting Data......
2026-08-07 16:23:12,025 - INFO - Extracting Data......
2026-08-07 16:23:12,038 - INFO - Extracting Data......
2026-08-07 16:23:12,051 - INFO - Extracting Data......
2026-08-07 16:23:12,078 - INFO - Extracting Data......
2026-08-07 16:23:12,088 - INFO - Extracting Data......
2026-08-07 16:23:12,100 - INFO - Extracting Data......
2026-08-07 16:23:12,112 - INFO - Extracting Data......
2026-08-07 16:23:12,119 - INFO - Extracting Data......
2026-08-07 16:23:12,129 - INFO - Extracting Data......
2026-08-07 16:23:12,141 - INFO - Extracting Data......
2026-08-07 16:23:12,151 - INFO - Extracting Data......
2026-08-07 16:23:12,162 - INFO - Extracting Data......
2026-08-07 16:23:12,171 - INFO - Extracting Data......
2026-08-07 16:23:12,181 - INFO - Extracting Data......
2026-08-07 16:23:12,194 - INFO - Extracting Data......
2026-08-07 16:23:12,202 - INFO - Extracting Data......
2026-08-07 16:23:12,217 - INFO - Extracting Data......
2026-08-07 16:23:12,235 - INFO - Extracting Data......
2026-08-07 16:23:12,250 - INFO - Extracting Data......
2026-08-07 16:23:12,264 - INFO - Extracting Data......
2026-08-07 16:23:12,275 - INFO - Extracting Data......
2026-08-07 16:23:12,285 - INFO - Extracting Data......
2026-08-07 16:23:12,298 - INFO - Extracting Data......
2026-08-07 16:23:12,311 - INFO - Extracting Data......
2026-08-07 16:23:12,319 - INFO - Extracting Data......
2026-08-07 16:23:12,331 - INFO - Extracting Data......
2026-08-07 16:23:12,343 - INFO - Extracting Data......
2026-08-07 16:23:12,351 - INFO - Extracting Data......
2026-08-07 16:23:12,362 - INFO - Extracting Data......
2026-08-07 16:23:12,371 - INFO - Extracting Data......
2026-08-07 16:23:12,382 - INFO - Extracting Data......
2026-08-07 16:23:12,394 - INFO - Extracting Data......
2026-08-07 16:23:12,401 - INFO - Extracting Data......
2026-08-07 16:23:12,412 - INFO - Extracting Data......
2026-08-07 16:23:12,420 - INFO - Extracting Data......
2026-08-07 16:23:12,433 - INFO - Extracting Data......
2026-08-07 16:23:12,514 - INFO - Extracting Data......
2026-08-07 16:23:12,580 - INFO - Extracting Data......
2026-08-07 16:23:12,665 - INFO - Extracting Data......
2026-08-07 16:23:12,748 - INFO - Extracting Data......
2026-08-07 16:23:12,816 - INFO - Extracting Data......
2026-08-07 16:23:12,899 - INFO - Extracting Data......
2026-08-07 16:23:13,021 - INFO - Extracting Data......
2026-08-07 16:23:13,102 - INFO - Extracting Data......
2026-08-07 16:23:13,180 - INFO - Extracting Data......
2026-08-07 16:23:13,242 - INFO - Extracting Data......
2026-08-07 16:23:13,330 - INFO - Extracting Data......
2026-08-07 16:23:13,410 - INFO - Extracting Data......
2026-08-07 16:23:13,481 - INFO - Extracting Data......
2026-08-07 16:23:13,577 - INFO - Extracting Data......
2026-08-07 16:23:13,654 - INFO - Extracting Data......
2026-08-07 16:23:13,735 - INFO - Extracting Data......
2026-08-07 16:23:13,837 - INFO - Extracting Data......
2026-08-07 16:23:13,912 - INFO - Extracting Data......
2026-08-07 16:23:14,008 - INFO - Extracting Data......
2026-08-07 16:23:14,096 - INFO - Extracting Data......
2026-08-07 16:23:14,176 - INFO - Extracting Data......
2026-08-07 16:23:14,258 - INFO - Extracting Data......
2026-08-07 16:23:14,346 - INFO - Extracting Data......
2026-08-07 16:23:14,427 - INFO - Extracting Data......
2026-08-07 16:23:14,511 - INFO - Scrolling to load more........
2026-08-07 16:23:16,600 - INFO - Button Found.....
2026-08-07 16:23:21,345 - INFO - New Length: 349
2026-08-07 16:23:21,397 - INFO - Total hotels found: 224
2026-08-07 16:23:21,397 - INFO - Previous Length: 349
2026-08-07 16:23:21,397 - INFO - Extracting Data......
2026-08-07 16:23:21,481 - INFO - Extracting Data......
2026-08-07 16:23:21,572 - INFO - Extracting Data......
2026-08-07 16:23:21,636 - INFO - Extracting Data......
2026-08-07 16:23:21,708 - INFO - Extracting Data......
2026-08-07 16:23:21,796 - INFO - Extracting Data......
2026-08-07 16:23:21,898 - INFO - Extracting Data......
2026-08-07 16:23:21,985 - INFO - Extracting Data......
2026-08-07 16:23:22,056 - INFO - Extracting Data......
2026-08-07 16:23:22,119 - INFO - Extracting Data......
2026-08-07 16:23:22,198 - INFO - Extracting Data......
2026-08-07 16:23:22,264 - INFO - Extracting Data......
2026-08-07 16:23:22,328 - INFO - Extracting Data......
2026-08-07 16:23:22,417 - INFO - Extracting Data......
2026-08-07 16:23:22,496 - INFO - Extracting Data......
2026-08-07 16:23:22,563 - INFO - Extracting Data......
2026-08-07 16:23:22,654 - INFO - Extracting Data......
2026-08-07 16:23:22,723 - INFO - Extracting Data......
2026-08-07 16:23:22,833 - INFO - Extracting Data......
2026-08-07 16:23:22,908 - INFO - Extracting Data......
2026-08-07 16:23:22,989 - INFO - Extracting Data......
2026-08-07 16:23:23,074 - INFO - Extracting Data......
2026-08-07 16:23:23,141 - INFO - Extracting Data......
2026-08-07 16:23:23,225 - INFO - Extracting Data......
2026-08-07 16:23:23,320 - INFO - Extracting Data......
2026-08-07 16:23:23,409 - INFO - Extracting Data......
2026-08-07 16:23:23,429 - INFO - Extracting Data......
2026-08-07 16:23:23,499 - INFO - Extracting Data......
2026-08-07 16:23:23,528 - INFO - Extracting Data......
2026-08-07 16:23:23,540 - INFO - Extracting Data......
2026-08-07 16:23:23,550 - INFO - Extracting Data......
2026-08-07 16:23:23,561 - INFO - Extracting Data......
2026-08-07 16:23:23,568 - INFO - Extracting Data......
2026-08-07 16:23:23,579 - INFO - Extracting Data......
2026-08-07 16:23:23,590 - INFO - Extracting Data......
2026-08-07 16:23:23,597 - INFO - Extracting Data......
2026-08-07 16:23:23,609 - INFO - Extracting Data......
2026-08-07 16:23:23,621 - INFO - Extracting Data......
2026-08-07 16:23:23,630 - INFO - Extracting Data......
2026-08-07 16:23:23,641 - INFO - Extracting Data......
2026-08-07 16:23:23,649 - INFO - Extracting Data......
2026-08-07 16:23:23,666 - INFO - Extracting Data......
2026-08-07 16:23:23,683 - INFO - Extracting Data......
2026-08-07 16:23:23,700 - INFO - Extracting Data......
2026-08-07 16:23:23,713 - INFO - Extracting Data......
2026-08-07 16:23:23,727 - INFO - Extracting Data......
2026-08-07 16:23:23,740 - INFO - Extracting Data......
2026-08-07 16:23:23,749 - INFO - Extracting Data......
2026-08-07 16:23:23,762 - INFO - Extracting Data......
2026-08-07 16:23:23,772 - INFO - Extracting Data......
2026-08-07 16:23:23,780 - INFO - Extracting Data......
2026-08-07 16:23:23,792 - INFO - Extracting Data......
2026-08-07 16:23:23,800 - INFO - Extracting Data......
2026-08-07 16:23:23,811 - INFO - Extracting Data......
2026-08-07 16:23:23,823 - INFO - Extracting Data......
2026-08-07 16:23:23,831 - INFO - Extracting Data......
2026-08-07 16:23:23,843 - INFO - Extracting Data......
2026-08-07 16:23:23,852 - INFO - Extracting Data......
2026-08-07 16:23:23,863 - INFO - Extracting Data......
2026-08-07 16:23:23,878 - INFO - Extracting Data......
2026-08-07 16:23:23,894 - INFO - Extracting Data......
2026-08-07 16:23:23,914 - INFO - Extracting Data......
2026-08-07 16:23:23,928 - INFO - Extracting Data......
2026-08-07 16:23:23,941 - INFO - Extracting Data......
2026-08-07 16:23:23,950 - INFO - Extracting Data......
2026-08-07 16:23:23,963 - INFO - Extracting Data......
2026-08-07 16:23:23,974 - INFO - Extracting Data......
2026-08-07 16:23:23,989 - INFO - Extracting Data......
2026-08-07 16:23:23,998 - INFO - Extracting Data......
2026-08-07 16:23:24,009 - INFO - Extracting Data......
2026-08-07 16:23:24,016 - INFO - Extracting Data......
2026-08-07 16:23:24,027 - INFO - Extracting Data......
2026-08-07 16:23:24,036 - INFO - Extracting Data......
2026-08-07 16:23:24,046 - INFO - Extracting Data......
2026-08-07 16:23:24,058 - INFO - Extracting Data......
2026-08-07 16:23:24,065 - INFO - Extracting Data......
2026-08-07 16:23:24,077 - INFO - Extracting Data......
2026-08-07 16:23:24,086 - INFO - Extracting Data......
2026-08-07 16:23:24,097 - INFO - Extracting Data......
2026-08-07 16:23:24,113 - INFO - Extracting Data......
2026-08-07 16:23:24,128 - INFO - Extracting Data......
2026-08-07 16:23:24,143 - INFO - Extracting Data......
2026-08-07 16:23:24,153 - INFO - Extracting Data......
2026-08-07 16:23:24,165 - INFO - Extracting Data......
2026-08-07 16:23:24,179 - INFO - Extracting Data......
2026-08-07 16:23:24,192 - INFO - Extracting Data......
2026-08-07 16:23:24,202 - INFO - Extracting Data......
2026-08-07 16:23:24,215 - INFO - Extracting Data......
2026-08-07 16:23:24,228 - INFO - Extracting Data......
2026-08-07 16:23:24,238 - INFO - Extracting Data......
2026-08-07 16:23:24,247 - INFO - Extracting Data......
2026-08-07 16:23:24,258 - INFO - Extracting Data......
2026-08-07 16:23:24,265 - INFO - Extracting Data......
2026-08-07 16:23:24,276 - INFO - Extracting Data......
2026-08-07 16:23:24,284 - INFO - Extracting Data......
2026-08-07 16:23:24,295 - INFO - Extracting Data......
2026-08-07 16:23:24,307 - INFO - Extracting Data......
2026-08-07 16:23:24,321 - INFO - Extracting Data......
2026-08-07 16:23:24,341 - INFO - Extracting Data......
2026-08-07 16:23:24,359 - INFO - Extracting Data......
2026-08-07 16:23:24,370 - INFO - Extracting Data......
2026-08-07 16:23:24,383 - INFO - Extracting Data......
2026-08-07 16:23:24,396 - INFO - Extracting Data......
2026-08-07 16:23:24,409 - INFO - Extracting Data......
2026-08-07 16:23:24,419 - INFO - Extracting Data......
2026-08-07 16:23:24,430 - INFO - Extracting Data......
2026-08-07 16:23:24,487 - INFO - Extracting Data......
2026-08-07 16:23:24,509 - INFO - Extracting Data......
2026-08-07 16:23:24,517 - INFO - Extracting Data......
2026-08-07 16:23:24,531 - INFO - Extracting Data......
2026-08-07 16:23:24,543 - INFO - Extracting Data......
2026-08-07 16:23:24,557 - INFO - Extracting Data......
2026-08-07 16:23:24,569 - INFO - Extracting Data......
2026-08-07 16:23:24,580 - INFO - Extracting Data......
2026-08-07 16:23:24,594 - INFO - Extracting Data......
2026-08-07 16:23:24,606 - INFO - Extracting Data......
2026-08-07 16:23:24,617 - INFO - Extracting Data......
2026-08-07 16:23:24,629 - INFO - Extracting Data......
2026-08-07 16:23:24,641 - INFO - Extracting Data......
2026-08-07 16:23:24,649 - INFO - Extracting Data......
2026-08-07 16:23:24,677 - INFO - Extracting Data......
2026-08-07 16:23:24,694 - INFO - Extracting Data......
2026-08-07 16:23:24,706 - INFO - Extracting Data......
2026-08-07 16:23:24,715 - INFO - Extracting Data......
2026-08-07 16:23:24,727 - INFO - Extracting Data......
2026-08-07 16:23:24,736 - INFO - Extracting Data......
2026-08-07 16:23:24,751 - INFO - Extracting Data......
2026-08-07 16:23:24,771 - INFO - Extracting Data......
2026-08-07 16:23:24,790 - INFO - Extracting Data......
2026-08-07 16:23:24,800 - INFO - Extracting Data......
2026-08-07 16:23:24,814 - INFO - Extracting Data......
2026-08-07 16:23:24,827 - INFO - Extracting Data......
2026-08-07 16:23:24,840 - INFO - Extracting Data......
2026-08-07 16:23:24,849 - INFO - Extracting Data......
2026-08-07 16:23:24,862 - INFO - Extracting Data......
2026-08-07 16:23:24,873 - INFO - Extracting Data......
2026-08-07 16:23:24,880 - INFO - Extracting Data......
2026-08-07 16:23:24,892 - INFO - Extracting Data......
2026-08-07 16:23:24,902 - INFO - Extracting Data......
2026-08-07 16:23:24,913 - INFO - Extracting Data......
2026-08-07 16:23:24,925 - INFO - Extracting Data......
2026-08-07 16:23:24,932 - INFO - Extracting Data......
2026-08-07 16:23:24,943 - INFO - Extracting Data......
2026-08-07 16:23:24,951 - INFO - Extracting Data......
2026-08-07 16:23:24,964 - INFO - Extracting Data......
2026-08-07 16:23:24,981 - INFO - Extracting Data......
2026-08-07 16:23:24,997 - INFO - Extracting Data......
2026-08-07 16:23:25,012 - INFO - Extracting Data......
2026-08-07 16:23:25,022 - INFO - Extracting Data......
2026-08-07 16:23:25,035 - INFO - Extracting Data......
2026-08-07 16:23:25,046 - INFO - Extracting Data......
2026-08-07 16:23:25,058 - INFO - Extracting Data......
2026-08-07 16:23:25,067 - INFO - Extracting Data......
2026-08-07 16:23:25,077 - INFO - Extracting Data......
2026-08-07 16:23:25,085 - INFO - Extracting Data......
2026-08-07 16:23:25,097 - INFO - Extracting Data......
2026-08-07 16:23:25,108 - INFO - Extracting Data......
2026-08-07 16:23:25,116 - INFO - Extracting Data......
2026-08-07 16:23:25,127 - INFO - Extracting Data......
2026-08-07 16:23:25,135 - INFO - Extracting Data......
2026-08-07 16:23:25,148 - INFO - Extracting Data......
2026-08-07 16:23:25,159 - INFO - Extracting Data......
2026-08-07 16:23:25,167 - INFO - Extracting Data......
2026-08-07 16:23:25,181 - INFO - Extracting Data......
2026-08-07 16:23:25,198 - INFO - Extracting Data......
2026-08-07 16:23:25,213 - INFO - Extracting Data......
2026-08-07 16:23:25,226 - INFO - Extracting Data......
2026-08-07 16:23:25,238 - INFO - Extracting Data......
2026-08-07 16:23:25,248 - INFO - Extracting Data......
2026-08-07 16:23:25,263 - INFO - Extracting Data......
2026-08-07 16:23:25,274 - INFO - Extracting Data......
2026-08-07 16:23:25,282 - INFO - Extracting Data......
2026-08-07 16:23:25,293 - INFO - Extracting Data......
2026-08-07 16:23:25,302 - INFO - Extracting Data......
2026-08-07 16:23:25,316 - INFO - Extracting Data......
2026-08-07 16:23:25,328 - INFO - Extracting Data......
2026-08-07 16:23:25,339 - INFO - Extracting Data......
2026-08-07 16:23:25,346 - INFO - Extracting Data......
2026-08-07 16:23:25,357 - INFO - Extracting Data......
2026-08-07 16:23:25,365 - INFO - Extracting Data......
2026-08-07 16:23:25,376 - INFO - Extracting Data......
2026-08-07 16:23:25,384 - INFO - Extracting Data......
2026-08-07 16:23:25,398 - INFO - Extracting Data......
2026-08-07 16:23:25,412 - INFO - Extracting Data......
2026-08-07 16:23:25,429 - INFO - Extracting Data......
2026-08-07 16:23:25,444 - INFO - Extracting Data......
2026-08-07 16:23:25,458 - INFO - Extracting Data......
2026-08-07 16:23:25,472 - INFO - Extracting Data......
2026-08-07 16:23:25,483 - INFO - Extracting Data......
2026-08-07 16:23:25,498 - INFO - Extracting Data......
2026-08-07 16:23:25,509 - INFO - Extracting Data......
2026-08-07 16:23:25,518 - INFO - Extracting Data......
2026-08-07 16:23:25,529 - INFO - Extracting Data......
2026-08-07 16:23:25,541 - INFO - Extracting Data......
2026-08-07 16:23:25,548 - INFO - Extracting Data......
2026-08-07 16:23:25,559 - INFO - Extracting Data......
2026-08-07 16:23:25,566 - INFO - Extracting Data......
2026-08-07 16:23:25,576 - INFO - Extracting Data......
2026-08-07 16:23:25,583 - INFO - Extracting Data......
2026-08-07 16:23:25,594 - INFO - Extracting Data......
2026-08-07 16:23:25,675 - INFO - Extracting Data......
2026-08-07 16:23:25,771 - INFO - Extracting Data......
2026-08-07 16:23:25,887 - INFO - Extracting Data......
2026-08-07 16:23:25,962 - INFO - Extracting Data......
2026-08-07 16:23:26,035 - INFO - Extracting Data......
2026-08-07 16:23:26,120 - INFO - Extracting Data......
2026-08-07 16:23:26,197 - INFO - Extracting Data......
2026-08-07 16:23:26,284 - INFO - Extracting Data......
2026-08-07 16:23:26,352 - INFO - Extracting Data......
2026-08-07 16:23:26,435 - INFO - Extracting Data......
2026-08-07 16:23:26,534 - INFO - Extracting Data......
2026-08-07 16:23:26,619 - INFO - Extracting Data......
2026-08-07 16:23:26,726 - INFO - Extracting Data......
2026-08-07 16:23:26,806 - INFO - Extracting Data......
2026-08-07 16:23:26,871 - INFO - Extracting Data......
2026-08-07 16:23:26,953 - INFO - Extracting Data......
2026-08-07 16:23:27,043 - INFO - Extracting Data......
2026-08-07 16:23:27,180 - INFO - Extracting Data......
2026-08-07 16:23:27,254 - INFO - Extracting Data......
2026-08-07 16:23:27,342 - INFO - Extracting Data......
2026-08-07 16:23:27,420 - INFO - Extracting Data......
2026-08-07 16:23:27,497 - INFO - Extracting Data......
2026-08-07 16:23:27,593 - INFO - Extracting Data......
2026-08-07 16:23:27,684 - INFO - Extracting Data......
2026-08-07 16:23:27,794 - INFO - Scrolling to load more........
2026-08-07 16:23:29,882 - INFO - Button Found.....
2026-08-07 16:23:34,706 - INFO - New Length: 399
2026-08-07 16:23:34,738 - INFO - Total hotels found: 249
2026-08-07 16:23:34,738 - INFO - Previous Length: 399
2026-08-07 16:23:34,738 - INFO - Extracting Data......
2026-08-07 16:23:34,809 - INFO - Extracting Data......
2026-08-07 16:23:34,882 - INFO - Extracting Data......
2026-08-07 16:23:34,973 - INFO - Extracting Data......
2026-08-07 16:23:35,041 - INFO - Extracting Data......
2026-08-07 16:23:35,126 - INFO - Extracting Data......
2026-08-07 16:23:35,213 - INFO - Extracting Data......
2026-08-07 16:23:35,345 - INFO - Extracting Data......
2026-08-07 16:23:35,419 - INFO - Extracting Data......
2026-08-07 16:23:35,516 - INFO - Extracting Data......
2026-08-07 16:23:35,603 - INFO - Extracting Data......
2026-08-07 16:23:35,668 - INFO - Extracting Data......
2026-08-07 16:23:35,752 - INFO - Extracting Data......
2026-08-07 16:23:35,830 - INFO - Extracting Data......
2026-08-07 16:23:35,903 - INFO - Extracting Data......
2026-08-07 16:23:35,985 - INFO - Extracting Data......
2026-08-07 16:23:36,060 - INFO - Extracting Data......
2026-08-07 16:23:36,135 - INFO - Extracting Data......
2026-08-07 16:23:36,228 - INFO - Extracting Data......
2026-08-07 16:23:36,306 - INFO - Extracting Data......
2026-08-07 16:23:36,410 - INFO - Extracting Data......
2026-08-07 16:23:36,530 - INFO - Extracting Data......
2026-08-07 16:23:36,631 - INFO - Extracting Data......
2026-08-07 16:23:36,738 - INFO - Extracting Data......
2026-08-07 16:23:36,837 - INFO - Extracting Data......
2026-08-07 16:23:36,920 - INFO - Extracting Data......
2026-08-07 16:23:36,929 - INFO - Extracting Data......
2026-08-07 16:23:36,941 - INFO - Extracting Data......
2026-08-07 16:23:36,950 - INFO - Extracting Data......
2026-08-07 16:23:36,971 - INFO - Extracting Data......
2026-08-07 16:23:36,993 - INFO - Extracting Data......
2026-08-07 16:23:37,012 - INFO - Extracting Data......
2026-08-07 16:23:37,027 - INFO - Extracting Data......
2026-08-07 16:23:37,041 - INFO - Extracting Data......
2026-08-07 16:23:37,057 - INFO - Extracting Data......
2026-08-07 16:23:37,067 - INFO - Extracting Data......
2026-08-07 16:23:37,079 - INFO - Extracting Data......
2026-08-07 16:23:37,091 - INFO - Extracting Data......
2026-08-07 16:23:37,099 - INFO - Extracting Data......
2026-08-07 16:23:37,111 - INFO - Extracting Data......
2026-08-07 16:23:37,123 - INFO - Extracting Data......
2026-08-07 16:23:37,130 - INFO - Extracting Data......
2026-08-07 16:23:37,143 - INFO - Extracting Data......
2026-08-07 16:23:37,153 - INFO - Extracting Data......
2026-08-07 16:23:37,162 - INFO - Extracting Data......
2026-08-07 16:23:37,175 - INFO - Extracting Data......
2026-08-07 16:23:37,184 - INFO - Extracting Data......
2026-08-07 16:23:37,198 - INFO - Extracting Data......
2026-08-07 16:23:37,218 - INFO - Extracting Data......
2026-08-07 16:23:37,236 - INFO - Extracting Data......
2026-08-07 16:23:37,247 - INFO - Extracting Data......
2026-08-07 16:23:37,260 - INFO - Extracting Data......
2026-08-07 16:23:37,274 - INFO - Extracting Data......
2026-08-07 16:23:37,283 - INFO - Extracting Data......
2026-08-07 16:23:37,294 - INFO - Extracting Data......
2026-08-07 16:23:37,306 - INFO - Extracting Data......
2026-08-07 16:23:37,314 - INFO - Extracting Data......
2026-08-07 16:23:37,324 - INFO - Extracting Data......
2026-08-07 16:23:37,333 - INFO - Extracting Data......
2026-08-07 16:23:37,344 - INFO - Extracting Data......
2026-08-07 16:23:37,406 - INFO - Extracting Data......
2026-08-07 16:23:37,444 - INFO - Extracting Data......
2026-08-07 16:23:37,464 - INFO - Extracting Data......
2026-08-07 16:23:37,481 - INFO - Extracting Data......
2026-08-07 16:23:37,497 - INFO - Extracting Data......
2026-08-07 16:23:37,513 - INFO - Extracting Data......
2026-08-07 16:23:37,528 - INFO - Extracting Data......
2026-08-07 16:23:37,539 - INFO - Extracting Data......
2026-08-07 16:23:37,554 - INFO - Extracting Data......
2026-08-07 16:23:37,563 - INFO - Extracting Data......
2026-08-07 16:23:37,574 - INFO - Extracting Data......
2026-08-07 16:23:37,583 - INFO - Extracting Data......
2026-08-07 16:23:37,593 - INFO - Extracting Data......
2026-08-07 16:23:37,604 - INFO - Extracting Data......
2026-08-07 16:23:37,612 - INFO - Extracting Data......
2026-08-07 16:23:37,624 - INFO - Extracting Data......
2026-08-07 16:23:37,631 - INFO - Extracting Data......
2026-08-07 16:23:37,646 - INFO - Extracting Data......
2026-08-07 16:23:37,662 - INFO - Extracting Data......
2026-08-07 16:23:37,677 - INFO - Extracting Data......
2026-08-07 16:23:37,692 - INFO - Extracting Data......
2026-08-07 16:23:37,707 - INFO - Extracting Data......
2026-08-07 16:23:37,718 - INFO - Extracting Data......
2026-08-07 16:23:37,730 - INFO - Extracting Data......
2026-08-07 16:23:37,742 - INFO - Extracting Data......
2026-08-07 16:23:37,755 - INFO - Extracting Data......
2026-08-07 16:23:37,764 - INFO - Extracting Data......
2026-08-07 16:23:37,778 - INFO - Extracting Data......
2026-08-07 16:23:37,790 - INFO - Extracting Data......
2026-08-07 16:23:37,799 - INFO - Extracting Data......
2026-08-07 16:23:37,810 - INFO - Extracting Data......
2026-08-07 16:23:37,822 - INFO - Extracting Data......
2026-08-07 16:23:37,829 - INFO - Extracting Data......
2026-08-07 16:23:37,840 - INFO - Extracting Data......
2026-08-07 16:23:37,848 - INFO - Extracting Data......
2026-08-07 16:23:37,862 - INFO - Extracting Data......
2026-08-07 16:23:37,878 - INFO - Extracting Data......
2026-08-07 16:23:37,911 - INFO - Extracting Data......
2026-08-07 16:23:37,924 - INFO - Extracting Data......
2026-08-07 16:23:37,936 - INFO - Extracting Data......
2026-08-07 16:23:37,944 - INFO - Extracting Data......
2026-08-07 16:23:37,959 - INFO - Extracting Data......
2026-08-07 16:23:37,971 - INFO - Extracting Data......
2026-08-07 16:23:37,980 - INFO - Extracting Data......
2026-08-07 16:23:37,993 - INFO - Extracting Data......
2026-08-07 16:23:38,004 - INFO - Extracting Data......
2026-08-07 16:23:38,011 - INFO - Extracting Data......
2026-08-07 16:23:38,024 - INFO - Extracting Data......
2026-08-07 16:23:38,031 - INFO - Extracting Data......
2026-08-07 16:23:38,043 - INFO - Extracting Data......
2026-08-07 16:23:38,054 - INFO - Extracting Data......
2026-08-07 16:23:38,063 - INFO - Extracting Data......
2026-08-07 16:23:38,093 - INFO - Extracting Data......
2026-08-07 16:23:38,108 - INFO - Extracting Data......
2026-08-07 16:23:38,126 - INFO - Extracting Data......
2026-08-07 16:23:38,142 - INFO - Extracting Data......
2026-08-07 16:23:38,156 - INFO - Extracting Data......
2026-08-07 16:23:38,169 - INFO - Extracting Data......
2026-08-07 16:23:38,179 - INFO - Extracting Data......
2026-08-07 16:23:38,192 - INFO - Extracting Data......
2026-08-07 16:23:38,203 - INFO - Extracting Data......
2026-08-07 16:23:38,211 - INFO - Extracting Data......
2026-08-07 16:23:38,223 - INFO - Extracting Data......
2026-08-07 16:23:38,230 - INFO - Extracting Data......
2026-08-07 16:23:38,241 - INFO - Extracting Data......
2026-08-07 16:23:38,251 - INFO - Extracting Data......
2026-08-07 16:23:38,261 - INFO - Extracting Data......
2026-08-07 16:23:38,338 - INFO - Extracting Data......
2026-08-07 16:23:38,353 - INFO - Extracting Data......
2026-08-07 16:23:38,362 - INFO - Extracting Data......
2026-08-07 16:23:38,376 - INFO - Extracting Data......
2026-08-07 16:23:38,388 - INFO - Extracting Data......
2026-08-07 16:23:38,424 - INFO - Extracting Data......
2026-08-07 16:23:38,438 - INFO - Extracting Data......
2026-08-07 16:23:38,447 - INFO - Extracting Data......
2026-08-07 16:23:38,459 - INFO - Extracting Data......
2026-08-07 16:23:38,472 - INFO - Extracting Data......
2026-08-07 16:23:38,481 - INFO - Extracting Data......
2026-08-07 16:23:38,494 - INFO - Extracting Data......
2026-08-07 16:23:38,507 - INFO - Extracting Data......
2026-08-07 16:23:38,514 - INFO - Extracting Data......
2026-08-07 16:23:38,526 - INFO - Extracting Data......
2026-08-07 16:23:38,536 - INFO - Extracting Data......
2026-08-07 16:23:38,545 - INFO - Extracting Data......
2026-08-07 16:23:38,559 - INFO - Extracting Data......
2026-08-07 16:23:38,574 - INFO - Extracting Data......
2026-08-07 16:23:38,592 - INFO - Extracting Data......
2026-08-07 16:23:38,607 - INFO - Extracting Data......
2026-08-07 16:23:38,621 - INFO - Extracting Data......
2026-08-07 16:23:38,631 - INFO - Extracting Data......
2026-08-07 16:23:38,644 - INFO - Extracting Data......
2026-08-07 16:23:38,658 - INFO - Extracting Data......
2026-08-07 16:23:38,671 - INFO - Extracting Data......
2026-08-07 16:23:38,678 - INFO - Extracting Data......
2026-08-07 16:23:38,707 - INFO - Extracting Data......
2026-08-07 16:23:38,721 - INFO - Extracting Data......
2026-08-07 16:23:38,730 - INFO - Extracting Data......
2026-08-07 16:23:38,760 - INFO - Extracting Data......
2026-08-07 16:23:38,778 - INFO - Extracting Data......
2026-08-07 16:23:38,796 - INFO - Extracting Data......
2026-08-07 16:23:38,815 - INFO - Extracting Data......
2026-08-07 16:23:38,827 - INFO - Extracting Data......
2026-08-07 16:23:38,840 - INFO - Extracting Data......
2026-08-07 16:23:38,855 - INFO - Extracting Data......
2026-08-07 16:23:38,869 - INFO - Extracting Data......
2026-08-07 16:23:38,879 - INFO - Extracting Data......
2026-08-07 16:23:38,893 - INFO - Extracting Data......
2026-08-07 16:23:38,905 - INFO - Extracting Data......
2026-08-07 16:23:38,913 - INFO - Extracting Data......
2026-08-07 16:23:38,924 - INFO - Extracting Data......
2026-08-07 16:23:38,932 - INFO - Extracting Data......
2026-08-07 16:23:38,944 - INFO - Extracting Data......
2026-08-07 16:23:38,956 - INFO - Extracting Data......
2026-08-07 16:23:38,963 - INFO - Extracting Data......
2026-08-07 16:23:38,978 - INFO - Extracting Data......
2026-08-07 16:23:38,994 - INFO - Extracting Data......
2026-08-07 16:23:39,010 - INFO - Extracting Data......
2026-08-07 16:23:39,025 - INFO - Extracting Data......
2026-08-07 16:23:39,038 - INFO - Extracting Data......
2026-08-07 16:23:39,047 - INFO - Extracting Data......
2026-08-07 16:23:39,062 - INFO - Extracting Data......
2026-08-07 16:23:39,075 - INFO - Extracting Data......
2026-08-07 16:23:39,087 - INFO - Extracting Data......
2026-08-07 16:23:39,095 - INFO - Extracting Data......
2026-08-07 16:23:39,106 - INFO - Extracting Data......
2026-08-07 16:23:39,116 - INFO - Extracting Data......
2026-08-07 16:23:39,127 - INFO - Extracting Data......
2026-08-07 16:23:39,138 - INFO - Extracting Data......
2026-08-07 16:23:39,147 - INFO - Extracting Data......
2026-08-07 16:23:39,159 - INFO - Extracting Data......
2026-08-07 16:23:39,170 - INFO - Extracting Data......
2026-08-07 16:23:39,182 - INFO - Extracting Data......
2026-08-07 16:23:39,204 - INFO - Extracting Data......
2026-08-07 16:23:39,244 - INFO - Extracting Data......
2026-08-07 16:23:39,258 - INFO - Extracting Data......
2026-08-07 16:23:39,278 - INFO - Extracting Data......
2026-08-07 16:23:39,294 - INFO - Extracting Data......
2026-08-07 16:23:39,306 - INFO - Extracting Data......
2026-08-07 16:23:39,313 - INFO - Extracting Data......
2026-08-07 16:23:39,324 - INFO - Extracting Data......
2026-08-07 16:23:39,330 - INFO - Extracting Data......
2026-08-07 16:23:39,369 - INFO - Extracting Data......
2026-08-07 16:23:39,381 - INFO - Extracting Data......
2026-08-07 16:23:39,393 - INFO - Extracting Data......
2026-08-07 16:23:39,407 - INFO - Extracting Data......
2026-08-07 16:23:39,426 - INFO - Extracting Data......
2026-08-07 16:23:39,443 - INFO - Extracting Data......
2026-08-07 16:23:39,460 - INFO - Extracting Data......
2026-08-07 16:23:39,477 - INFO - Extracting Data......
2026-08-07 16:23:39,510 - INFO - Extracting Data......
2026-08-07 16:23:39,524 - INFO - Extracting Data......
2026-08-07 16:23:39,537 - INFO - Extracting Data......
2026-08-07 16:23:39,547 - INFO - Extracting Data......
2026-08-07 16:23:39,560 - INFO - Extracting Data......
2026-08-07 16:23:39,571 - INFO - Extracting Data......
2026-08-07 16:23:39,578 - INFO - Extracting Data......
2026-08-07 16:23:39,589 - INFO - Extracting Data......
2026-08-07 16:23:39,597 - INFO - Extracting Data......
2026-08-07 16:23:39,608 - INFO - Extracting Data......
2026-08-07 16:23:39,619 - INFO - Extracting Data......
2026-08-07 16:23:39,631 - INFO - Extracting Data......
2026-08-07 16:23:39,648 - INFO - Extracting Data......
2026-08-07 16:23:39,664 - INFO - Extracting Data......
2026-08-07 16:23:39,678 - INFO - Extracting Data......
2026-08-07 16:23:39,690 - INFO - Extracting Data......
2026-08-07 16:23:39,768 - INFO - Extracting Data......
2026-08-07 16:23:39,864 - INFO - Extracting Data......
2026-08-07 16:23:40,004 - INFO - Extracting Data......
2026-08-07 16:23:40,076 - INFO - Extracting Data......
2026-08-07 16:23:40,173 - INFO - Extracting Data......
2026-08-07 16:23:40,249 - INFO - Extracting Data......
2026-08-07 16:23:40,340 - INFO - Extracting Data......
2026-08-07 16:23:40,426 - INFO - Extracting Data......
2026-08-07 16:23:40,525 - INFO - Extracting Data......
2026-08-07 16:23:40,634 - INFO - Extracting Data......
2026-08-07 16:23:40,702 - INFO - Extracting Data......
2026-08-07 16:23:40,790 - INFO - Extracting Data......
2026-08-07 16:23:40,878 - INFO - Extracting Data......
2026-08-07 16:23:40,984 - INFO - Extracting Data......
2026-08-07 16:23:41,068 - INFO - Extracting Data......
2026-08-07 16:23:41,138 - INFO - Extracting Data......
2026-08-07 16:23:41,224 - INFO - Extracting Data......
2026-08-07 16:23:41,313 - INFO - Extracting Data......
2026-08-07 16:23:41,400 - INFO - Extracting Data......
2026-08-07 16:23:41,495 - INFO - Extracting Data......
2026-08-07 16:23:41,585 - INFO - Extracting Data......
2026-08-07 16:23:41,674 - INFO - Extracting Data......
2026-08-07 16:23:41,750 - INFO - Extracting Data......
2026-08-07 16:23:41,821 - INFO - Extracting Data......
2026-08-07 16:23:41,909 - INFO - Scrolling to load more........
2026-08-07 16:23:43,993 - INFO - Button Found.....
2026-08-07 16:23:48,935 - INFO - New Length: 449
2026-08-07 16:23:48,987 - INFO - Total hotels found: 274
2026-08-07 16:23:48,988 - INFO - Previous Length: 449
2026-08-07 16:23:48,988 - INFO - Extracting Data......
2026-08-07 16:23:49,069 - INFO - Extracting Data......
2026-08-07 16:23:49,132 - INFO - Extracting Data......
2026-08-07 16:23:49,263 - INFO - Extracting Data......
2026-08-07 16:23:49,331 - INFO - Extracting Data......
2026-08-07 16:23:49,420 - INFO - Extracting Data......
2026-08-07 16:23:49,511 - INFO - Extracting Data......
2026-08-07 16:23:49,613 - INFO - Extracting Data......
2026-08-07 16:23:49,704 - INFO - Extracting Data......
2026-08-07 16:23:49,805 - INFO - Extracting Data......
2026-08-07 16:23:49,912 - INFO - Extracting Data......
2026-08-07 16:23:49,994 - INFO - Extracting Data......
2026-08-07 16:23:50,088 - INFO - Extracting Data......
2026-08-07 16:23:50,169 - INFO - Extracting Data......
2026-08-07 16:23:50,243 - INFO - Extracting Data......
2026-08-07 16:23:50,331 - INFO - Extracting Data......
2026-08-07 16:23:50,410 - INFO - Extracting Data......
2026-08-07 16:23:50,513 - INFO - Extracting Data......
2026-08-07 16:23:50,596 - INFO - Extracting Data......
2026-08-07 16:23:50,680 - INFO - Extracting Data......
2026-08-07 16:23:50,777 - INFO - Extracting Data......
2026-08-07 16:23:50,857 - INFO - Extracting Data......
2026-08-07 16:23:50,945 - INFO - Extracting Data......
2026-08-07 16:23:51,019 - INFO - Extracting Data......
2026-08-07 16:23:51,107 - INFO - Extracting Data......
2026-08-07 16:23:51,181 - INFO - Extracting Data......
2026-08-07 16:23:51,189 - INFO - Extracting Data......
2026-08-07 16:23:51,198 - INFO - Extracting Data......
2026-08-07 16:23:51,209 - INFO - Extracting Data......
2026-08-07 16:23:51,221 - INFO - Extracting Data......
2026-08-07 16:23:51,229 - INFO - Extracting Data......
2026-08-07 16:23:51,241 - INFO - Extracting Data......
2026-08-07 16:23:51,253 - INFO - Extracting Data......
2026-08-07 16:23:51,269 - INFO - Extracting Data......
2026-08-07 16:23:51,286 - INFO - Extracting Data......
2026-08-07 16:23:51,302 - INFO - Extracting Data......
2026-08-07 16:23:51,319 - INFO - Extracting Data......
2026-08-07 16:23:51,331 - INFO - Extracting Data......
2026-08-07 16:23:51,347 - INFO - Extracting Data......
2026-08-07 16:23:51,362 - INFO - Extracting Data......
2026-08-07 16:23:51,373 - INFO - Extracting Data......
2026-08-07 16:23:51,381 - INFO - Extracting Data......
2026-08-07 16:23:51,424 - INFO - Extracting Data......
2026-08-07 16:23:51,439 - INFO - Extracting Data......
2026-08-07 16:23:51,454 - INFO - Extracting Data......
2026-08-07 16:23:51,473 - INFO - Extracting Data......
2026-08-07 16:23:51,496 - INFO - Extracting Data......
2026-08-07 16:23:51,520 - INFO - Extracting Data......
2026-08-07 16:23:51,532 - INFO - Extracting Data......
2026-08-07 16:23:51,546 - INFO - Extracting Data......
2026-08-07 16:23:51,613 - INFO - Extracting Data......
2026-08-07 16:23:51,632 - INFO - Extracting Data......
2026-08-07 16:23:51,643 - INFO - Extracting Data......
2026-08-07 16:23:51,654 - INFO - Extracting Data......
2026-08-07 16:23:51,661 - INFO - Extracting Data......
2026-08-07 16:23:51,673 - INFO - Extracting Data......
2026-08-07 16:23:51,680 - INFO - Extracting Data......
2026-08-07 16:23:51,691 - INFO - Extracting Data......
2026-08-07 16:23:51,702 - INFO - Extracting Data......
2026-08-07 16:23:51,710 - INFO - Extracting Data......
2026-08-07 16:23:51,724 - INFO - Extracting Data......
2026-08-07 16:23:51,740 - INFO - Extracting Data......
2026-08-07 16:23:51,757 - INFO - Extracting Data......
2026-08-07 16:23:51,771 - INFO - Extracting Data......
2026-08-07 16:23:51,782 - INFO - Extracting Data......
2026-08-07 16:23:51,794 - INFO - Extracting Data......
2026-08-07 16:23:51,808 - INFO - Extracting Data......
2026-08-07 16:23:51,820 - INFO - Extracting Data......
2026-08-07 16:23:51,830 - INFO - Extracting Data......
2026-08-07 16:23:51,840 - INFO - Extracting Data......
2026-08-07 16:23:51,851 - INFO - Extracting Data......
2026-08-07 16:23:51,859 - INFO - Extracting Data......
2026-08-07 16:23:51,871 - INFO - Extracting Data......
2026-08-07 16:23:51,878 - INFO - Extracting Data......
2026-08-07 16:23:51,888 - INFO - Extracting Data......
2026-08-07 16:23:51,896 - INFO - Extracting Data......
2026-08-07 16:23:51,909 - INFO - Extracting Data......
2026-08-07 16:23:51,922 - INFO - Extracting Data......
2026-08-07 16:23:51,932 - INFO - Extracting Data......
2026-08-07 16:23:51,946 - INFO - Extracting Data......
2026-08-07 16:23:51,960 - INFO - Extracting Data......
2026-08-07 16:23:51,974 - INFO - Extracting Data......
2026-08-07 16:23:51,988 - INFO - Extracting Data......
2026-08-07 16:23:51,998 - INFO - Extracting Data......
2026-08-07 16:23:52,010 - INFO - Extracting Data......
2026-08-07 16:23:52,025 - INFO - Extracting Data......
2026-08-07 16:23:52,037 - INFO - Extracting Data......
2026-08-07 16:23:52,048 - INFO - Extracting Data......
2026-08-07 16:23:52,058 - INFO - Extracting Data......
2026-08-07 16:23:52,071 - INFO - Extracting Data......
2026-08-07 16:23:52,079 - INFO - Extracting Data......
2026-08-07 16:23:52,090 - INFO - Extracting Data......
2026-08-07 16:23:52,098 - INFO - Extracting Data......
2026-08-07 16:23:52,108 - INFO - Extracting Data......
2026-08-07 16:23:52,121 - INFO - Extracting Data......
2026-08-07 16:23:52,128 - INFO - Extracting Data......
2026-08-07 16:23:52,140 - INFO - Extracting Data......
2026-08-07 16:23:52,154 - INFO - Extracting Data......
2026-08-07 16:23:52,170 - INFO - Extracting Data......
2026-08-07 16:23:52,186 - INFO - Extracting Data......
2026-08-07 16:23:52,196 - INFO - Extracting Data......
2026-08-07 16:23:52,209 - INFO - Extracting Data......
2026-08-07 16:23:52,222 - INFO - Extracting Data......
2026-08-07 16:23:52,234 - INFO - Extracting Data......
2026-08-07 16:23:52,244 - INFO - Extracting Data......
2026-08-07 16:23:52,257 - INFO - Extracting Data......
2026-08-07 16:23:52,270 - INFO - Extracting Data......
2026-08-07 16:23:52,279 - INFO - Extracting Data......
2026-08-07 16:23:52,293 - INFO - Extracting Data......
2026-08-07 16:23:52,307 - INFO - Extracting Data......
2026-08-07 16:23:52,320 - INFO - Extracting Data......
2026-08-07 16:23:52,330 - INFO - Extracting Data......
2026-08-07 16:23:52,347 - INFO - Extracting Data......
2026-08-07 16:23:52,360 - INFO - Extracting Data......
2026-08-07 16:23:52,384 - INFO - Extracting Data......
2026-08-07 16:23:52,398 - INFO - Extracting Data......
2026-08-07 16:23:52,411 - INFO - Extracting Data......
2026-08-07 16:23:52,424 - INFO - Extracting Data......
2026-08-07 16:23:52,435 - INFO - Extracting Data......
2026-08-07 16:23:52,444 - INFO - Extracting Data......
2026-08-07 16:23:52,458 - INFO - Extracting Data......
2026-08-07 16:23:52,470 - INFO - Extracting Data......
2026-08-07 16:23:52,479 - INFO - Extracting Data......
2026-08-07 16:23:52,490 - INFO - Extracting Data......
2026-08-07 16:23:52,501 - INFO - Extracting Data......
2026-08-07 16:23:52,509 - INFO - Extracting Data......
2026-08-07 16:23:52,520 - INFO - Extracting Data......
2026-08-07 16:23:52,528 - INFO - Extracting Data......
2026-08-07 16:23:52,539 - INFO - Extracting Data......
2026-08-07 16:23:52,548 - INFO - Extracting Data......
2026-08-07 16:23:52,557 - INFO - Extracting Data......
2026-08-07 16:23:52,569 - INFO - Extracting Data......
2026-08-07 16:23:52,582 - INFO - Extracting Data......
2026-08-07 16:23:52,598 - INFO - Extracting Data......
2026-08-07 16:23:52,614 - INFO - Extracting Data......
2026-08-07 16:23:52,629 - INFO - Extracting Data......
2026-08-07 16:23:52,642 - INFO - Extracting Data......
2026-08-07 16:23:52,655 - INFO - Extracting Data......
2026-08-07 16:23:52,665 - INFO - Extracting Data......
2026-08-07 16:23:52,676 - INFO - Extracting Data......
2026-08-07 16:23:52,688 - INFO - Extracting Data......
2026-08-07 16:23:52,696 - INFO - Extracting Data......
2026-08-07 16:23:52,708 - INFO - Extracting Data......
2026-08-07 16:23:52,721 - INFO - Extracting Data......
2026-08-07 16:23:52,729 - INFO - Extracting Data......
2026-08-07 16:23:52,740 - INFO - Extracting Data......
2026-08-07 16:23:52,752 - INFO - Extracting Data......
2026-08-07 16:23:52,759 - INFO - Extracting Data......
2026-08-07 16:23:52,771 - INFO - Extracting Data......
2026-08-07 16:23:52,778 - INFO - Extracting Data......
2026-08-07 16:23:52,790 - INFO - Extracting Data......
2026-08-07 16:23:52,803 - INFO - Extracting Data......
2026-08-07 16:23:52,821 - INFO - Extracting Data......
2026-08-07 16:23:52,838 - INFO - Extracting Data......
2026-08-07 16:23:52,851 - INFO - Extracting Data......
2026-08-07 16:23:52,889 - INFO - Extracting Data......
2026-08-07 16:23:52,900 - INFO - Extracting Data......
2026-08-07 16:23:52,913 - INFO - Extracting Data......
2026-08-07 16:23:52,927 - INFO - Extracting Data......
2026-08-07 16:23:52,940 - INFO - Extracting Data......
2026-08-07 16:23:52,951 - INFO - Extracting Data......
2026-08-07 16:23:52,959 - INFO - Extracting Data......
2026-08-07 16:23:52,971 - INFO - Extracting Data......
2026-08-07 16:23:52,979 - INFO - Extracting Data......
2026-08-07 16:23:52,990 - INFO - Extracting Data......
2026-08-07 16:23:53,006 - INFO - Extracting Data......
2026-08-07 16:23:53,025 - INFO - Extracting Data......
2026-08-07 16:23:53,101 - INFO - Extracting Data......
2026-08-07 16:23:53,126 - INFO - Extracting Data......
2026-08-07 16:23:53,139 - INFO - Extracting Data......
2026-08-07 16:23:53,157 - INFO - Extracting Data......
2026-08-07 16:23:53,167 - INFO - Extracting Data......
2026-08-07 16:23:53,175 - INFO - Extracting Data......
2026-08-07 16:23:53,186 - INFO - Extracting Data......
2026-08-07 16:23:53,193 - INFO - Extracting Data......
2026-08-07 16:23:53,204 - INFO - Extracting Data......
2026-08-07 16:23:53,211 - INFO - Extracting Data......
2026-08-07 16:23:53,224 - INFO - Extracting Data......
2026-08-07 16:23:53,234 - INFO - Extracting Data......
2026-08-07 16:23:53,243 - INFO - Extracting Data......
2026-08-07 16:23:53,255 - INFO - Extracting Data......
2026-08-07 16:23:53,263 - INFO - Extracting Data......
2026-08-07 16:23:53,280 - INFO - Extracting Data......
2026-08-07 16:23:53,305 - INFO - Extracting Data......
2026-08-07 16:23:53,323 - INFO - Extracting Data......
2026-08-07 16:23:53,341 - INFO - Extracting Data......
2026-08-07 16:23:53,359 - INFO - Extracting Data......
2026-08-07 16:23:53,373 - INFO - Extracting Data......
2026-08-07 16:23:53,388 - INFO - Extracting Data......
2026-08-07 16:23:53,399 - INFO - Extracting Data......
2026-08-07 16:23:53,409 - INFO - Extracting Data......
2026-08-07 16:23:53,420 - INFO - Extracting Data......
2026-08-07 16:23:53,428 - INFO - Extracting Data......
2026-08-07 16:23:53,438 - INFO - Extracting Data......
2026-08-07 16:23:53,446 - INFO - Extracting Data......
2026-08-07 16:23:53,458 - INFO - Extracting Data......
2026-08-07 16:23:53,471 - INFO - Extracting Data......
2026-08-07 16:23:53,481 - INFO - Extracting Data......
2026-08-07 16:23:53,495 - INFO - Extracting Data......
2026-08-07 16:23:53,512 - INFO - Extracting Data......
2026-08-07 16:23:53,527 - INFO - Extracting Data......
2026-08-07 16:23:53,539 - INFO - Extracting Data......
2026-08-07 16:23:53,551 - INFO - Extracting Data......
2026-08-07 16:23:53,561 - INFO - Extracting Data......
2026-08-07 16:23:53,573 - INFO - Extracting Data......
2026-08-07 16:23:53,586 - INFO - Extracting Data......
2026-08-07 16:23:53,595 - INFO - Extracting Data......
2026-08-07 16:23:53,606 - INFO - Extracting Data......
2026-08-07 16:23:53,615 - INFO - Extracting Data......
2026-08-07 16:23:53,625 - INFO - Extracting Data......
2026-08-07 16:23:53,637 - INFO - Extracting Data......
2026-08-07 16:23:53,644 - INFO - Extracting Data......
2026-08-07 16:23:53,655 - INFO - Extracting Data......
2026-08-07 16:23:53,663 - INFO - Extracting Data......
2026-08-07 16:23:53,674 - INFO - Extracting Data......
2026-08-07 16:23:53,687 - INFO - Extracting Data......
2026-08-07 16:23:53,706 - INFO - Extracting Data......
2026-08-07 16:23:53,723 - INFO - Extracting Data......
2026-08-07 16:23:53,739 - INFO - Extracting Data......
2026-08-07 16:23:53,755 - INFO - Extracting Data......
2026-08-07 16:23:53,766 - INFO - Extracting Data......
2026-08-07 16:23:53,778 - INFO - Extracting Data......
2026-08-07 16:23:53,789 - INFO - Extracting Data......
2026-08-07 16:23:53,800 - INFO - Extracting Data......
2026-08-07 16:23:53,809 - INFO - Extracting Data......
2026-08-07 16:23:53,820 - INFO - Extracting Data......
2026-08-07 16:23:53,827 - INFO - Extracting Data......
2026-08-07 16:23:53,838 - INFO - Extracting Data......
2026-08-07 16:23:53,845 - INFO - Extracting Data......
2026-08-07 16:23:53,875 - INFO - Extracting Data......
2026-08-07 16:23:53,894 - INFO - Extracting Data......
2026-08-07 16:23:53,912 - INFO - Extracting Data......
2026-08-07 16:23:53,936 - INFO - Extracting Data......
2026-08-07 16:23:53,948 - INFO - Extracting Data......
2026-08-07 16:23:53,964 - INFO - Extracting Data......
2026-08-07 16:23:53,977 - INFO - Extracting Data......
2026-08-07 16:23:53,990 - INFO - Extracting Data......
2026-08-07 16:23:54,001 - INFO - Extracting Data......
2026-08-07 16:23:54,011 - INFO - Extracting Data......
2026-08-07 16:23:54,022 - INFO - Extracting Data......
2026-08-07 16:23:54,029 - INFO - Extracting Data......
2026-08-07 16:23:54,040 - INFO - Extracting Data......
2026-08-07 16:23:54,051 - INFO - Extracting Data......
2026-08-07 16:23:54,060 - INFO - Extracting Data......
2026-08-07 16:23:54,072 - INFO - Extracting Data......
2026-08-07 16:23:54,081 - INFO - Extracting Data......
2026-08-07 16:23:54,091 - INFO - Extracting Data......
2026-08-07 16:23:54,104 - INFO - Extracting Data......
2026-08-07 16:23:54,112 - INFO - Extracting Data......
2026-08-07 16:23:54,129 - INFO - Extracting Data......
2026-08-07 16:23:54,222 - INFO - Extracting Data......
2026-08-07 16:23:54,292 - INFO - Extracting Data......
2026-08-07 16:23:54,383 - INFO - Extracting Data......
2026-08-07 16:23:54,459 - INFO - Extracting Data......
2026-08-07 16:23:54,557 - INFO - Extracting Data......
2026-08-07 16:23:54,634 - INFO - Extracting Data......
2026-08-07 16:23:54,702 - INFO - Extracting Data......
2026-08-07 16:23:54,837 - INFO - Extracting Data......
2026-08-07 16:23:54,918 - INFO - Extracting Data......
2026-08-07 16:23:55,010 - INFO - Extracting Data......
2026-08-07 16:23:55,091 - INFO - Extracting Data......
2026-08-07 16:23:55,170 - INFO - Extracting Data......
2026-08-07 16:23:55,274 - INFO - Extracting Data......
2026-08-07 16:23:55,358 - INFO - Extracting Data......
2026-08-07 16:23:55,456 - INFO - Extracting Data......
2026-08-07 16:23:55,546 - INFO - Extracting Data......
2026-08-07 16:23:55,634 - INFO - Extracting Data......
2026-08-07 16:23:55,719 - INFO - Extracting Data......
2026-08-07 16:23:55,795 - INFO - Extracting Data......
2026-08-07 16:23:55,876 - INFO - Extracting Data......
2026-08-07 16:23:55,962 - INFO - Extracting Data......
2026-08-07 16:23:56,060 - INFO - Extracting Data......
2026-08-07 16:23:56,143 - INFO - Extracting Data......
2026-08-07 16:23:56,233 - INFO - Extracting Data......
2026-08-07 16:23:56,322 - INFO - Scrolling to load more........
2026-08-07 16:23:58,414 - INFO - Button Found.....
2026-08-07 16:24:03,444 - INFO - New Length: 499
2026-08-07 16:24:03,493 - INFO - Total hotels found: 299
2026-08-07 16:24:03,493 - INFO - Previous Length: 499
2026-08-07 16:24:03,493 - INFO - Extracting Data......
2026-08-07 16:24:03,580 - INFO - Extracting Data......
2026-08-07 16:24:03,662 - INFO - Extracting Data......
2026-08-07 16:24:03,769 - INFO - Extracting Data......
2026-08-07 16:24:03,859 - INFO - Extracting Data......
2026-08-07 16:24:03,977 - INFO - Extracting Data......
2026-08-07 16:24:04,061 - INFO - Extracting Data......
2026-08-07 16:24:04,157 - INFO - Extracting Data......
2026-08-07 16:24:04,256 - INFO - Extracting Data......
2026-08-07 16:24:04,356 - INFO - Extracting Data......
2026-08-07 16:24:04,442 - INFO - Extracting Data......
2026-08-07 16:24:04,526 - INFO - Extracting Data......
2026-08-07 16:24:04,633 - INFO - Extracting Data......
2026-08-07 16:24:04,717 - INFO - Extracting Data......
2026-08-07 16:24:04,813 - INFO - Extracting Data......
2026-08-07 16:24:04,897 - INFO - Extracting Data......
2026-08-07 16:24:04,978 - INFO - Extracting Data......
2026-08-07 16:24:05,059 - INFO - Extracting Data......
2026-08-07 16:24:05,137 - INFO - Extracting Data......
2026-08-07 16:24:05,228 - INFO - Extracting Data......
2026-08-07 16:24:05,314 - INFO - Extracting Data......
2026-08-07 16:24:05,403 - INFO - Extracting Data......
2026-08-07 16:24:05,483 - INFO - Extracting Data......
2026-08-07 16:24:05,557 - INFO - Extracting Data......
2026-08-07 16:24:05,643 - INFO - Extracting Data......
2026-08-07 16:24:05,729 - INFO - Extracting Data......
2026-08-07 16:24:05,737 - INFO - Extracting Data......
2026-08-07 16:24:05,752 - INFO - Extracting Data......
2026-08-07 16:24:05,760 - INFO - Extracting Data......
2026-08-07 16:24:05,823 - INFO - Extracting Data......
2026-08-07 16:24:05,868 - INFO - Extracting Data......
2026-08-07 16:24:05,880 - INFO - Extracting Data......
2026-08-07 16:24:05,900 - INFO - Extracting Data......
2026-08-07 16:24:05,914 - INFO - Extracting Data......
2026-08-07 16:24:05,926 - INFO - Extracting Data......
2026-08-07 16:24:05,942 - INFO - Extracting Data......
2026-08-07 16:24:05,955 - INFO - Extracting Data......
2026-08-07 16:24:05,963 - INFO - Extracting Data......
2026-08-07 16:24:05,973 - INFO - Extracting Data......
2026-08-07 16:24:05,986 - INFO - Extracting Data......
2026-08-07 16:24:05,993 - INFO - Extracting Data......
2026-08-07 16:24:06,005 - INFO - Extracting Data......
2026-08-07 16:24:06,018 - INFO - Extracting Data......
2026-08-07 16:24:06,034 - INFO - Extracting Data......
2026-08-07 16:24:06,047 - INFO - Extracting Data......
2026-08-07 16:24:06,068 - INFO - Extracting Data......
2026-08-07 16:24:06,083 - INFO - Extracting Data......
2026-08-07 16:24:06,093 - INFO - Extracting Data......
2026-08-07 16:24:06,108 - INFO - Extracting Data......
2026-08-07 16:24:06,137 - INFO - Extracting Data......
2026-08-07 16:24:06,150 - INFO - Extracting Data......
2026-08-07 16:24:06,158 - INFO - Extracting Data......
2026-08-07 16:24:06,169 - INFO - Extracting Data......
2026-08-07 16:24:06,181 - INFO - Extracting Data......
2026-08-07 16:24:06,191 - INFO - Extracting Data......
2026-08-07 16:24:06,202 - INFO - Extracting Data......
2026-08-07 16:24:06,210 - INFO - Extracting Data......
2026-08-07 16:24:06,222 - INFO - Extracting Data......
2026-08-07 16:24:06,236 - INFO - Extracting Data......
2026-08-07 16:24:06,251 - INFO - Extracting Data......
2026-08-07 16:24:06,259 - INFO - Extracting Data......
2026-08-07 16:24:06,275 - INFO - Extracting Data......
2026-08-07 16:24:06,289 - INFO - Extracting Data......
2026-08-07 16:24:06,305 - INFO - Extracting Data......
2026-08-07 16:24:06,319 - INFO - Extracting Data......
2026-08-07 16:24:06,331 - INFO - Extracting Data......
2026-08-07 16:24:06,342 - INFO - Extracting Data......
2026-08-07 16:24:06,355 - INFO - Extracting Data......
2026-08-07 16:24:06,382 - INFO - Extracting Data......
2026-08-07 16:24:06,391 - INFO - Extracting Data......
2026-08-07 16:24:06,402 - INFO - Extracting Data......
2026-08-07 16:24:06,409 - INFO - Extracting Data......
2026-08-07 16:24:06,420 - INFO - Extracting Data......
2026-08-07 16:24:06,430 - INFO - Extracting Data......
2026-08-07 16:24:06,440 - INFO - Extracting Data......
2026-08-07 16:24:06,452 - INFO - Extracting Data......
2026-08-07 16:24:06,459 - INFO - Extracting Data......
2026-08-07 16:24:06,473 - INFO - Extracting Data......
2026-08-07 16:24:06,489 - INFO - Extracting Data......
2026-08-07 16:24:06,507 - INFO - Extracting Data......
2026-08-07 16:24:06,521 - INFO - Extracting Data......
2026-08-07 16:24:06,537 - INFO - Extracting Data......
2026-08-07 16:24:06,549 - INFO - Extracting Data......
2026-08-07 16:24:06,558 - INFO - Extracting Data......
2026-08-07 16:24:06,572 - INFO - Extracting Data......
2026-08-07 16:24:06,584 - INFO - Extracting Data......
2026-08-07 16:24:06,593 - INFO - Extracting Data......
2026-08-07 16:24:06,604 - INFO - Extracting Data......
2026-08-07 16:24:06,615 - INFO - Extracting Data......
2026-08-07 16:24:06,623 - INFO - Extracting Data......
2026-08-07 16:24:06,636 - INFO - Extracting Data......
2026-08-07 16:24:06,649 - INFO - Extracting Data......
2026-08-07 16:24:06,659 - INFO - Extracting Data......
2026-08-07 16:24:06,669 - INFO - Extracting Data......
2026-08-07 16:24:06,682 - INFO - Extracting Data......
2026-08-07 16:24:06,696 - INFO - Extracting Data......
2026-08-07 16:24:06,776 - INFO - Extracting Data......
2026-08-07 16:24:06,803 - INFO - Extracting Data......
2026-08-07 16:24:06,815 - INFO - Extracting Data......
2026-08-07 16:24:06,824 - INFO - Extracting Data......
2026-08-07 16:24:06,839 - INFO - Extracting Data......
2026-08-07 16:24:06,853 - INFO - Extracting Data......
2026-08-07 16:24:06,863 - INFO - Extracting Data......
2026-08-07 16:24:06,872 - INFO - Extracting Data......
2026-08-07 16:24:06,884 - INFO - Extracting Data......
2026-08-07 16:24:06,892 - INFO - Extracting Data......
2026-08-07 16:24:06,902 - INFO - Extracting Data......
2026-08-07 16:24:06,909 - INFO - Extracting Data......
2026-08-07 16:24:06,920 - INFO - Extracting Data......
2026-08-07 16:24:06,927 - INFO - Extracting Data......
2026-08-07 16:24:06,938 - INFO - Extracting Data......
2026-08-07 16:24:06,950 - INFO - Extracting Data......
2026-08-07 16:24:06,962 - INFO - Extracting Data......
2026-08-07 16:24:06,983 - INFO - Extracting Data......
2026-08-07 16:24:06,995 - INFO - Extracting Data......
2026-08-07 16:24:07,009 - INFO - Extracting Data......
2026-08-07 16:24:07,023 - INFO - Extracting Data......
2026-08-07 16:24:07,036 - INFO - Extracting Data......
2026-08-07 16:24:07,046 - INFO - Extracting Data......
2026-08-07 16:24:07,056 - INFO - Extracting Data......
2026-08-07 16:24:07,069 - INFO - Extracting Data......
2026-08-07 16:24:07,082 - INFO - Extracting Data......
2026-08-07 16:24:07,090 - INFO - Extracting Data......
2026-08-07 16:24:07,101 - INFO - Extracting Data......
2026-08-07 16:24:07,110 - INFO - Extracting Data......
2026-08-07 16:24:07,120 - INFO - Extracting Data......
2026-08-07 16:24:07,127 - INFO - Extracting Data......
2026-08-07 16:24:07,139 - INFO - Extracting Data......
2026-08-07 16:24:07,153 - INFO - Extracting Data......
2026-08-07 16:24:07,171 - INFO - Extracting Data......
2026-08-07 16:24:07,189 - INFO - Extracting Data......
2026-08-07 16:24:07,205 - INFO - Extracting Data......
2026-08-07 16:24:07,221 - INFO - Extracting Data......
2026-08-07 16:24:07,236 - INFO - Extracting Data......
2026-08-07 16:24:07,250 - INFO - Extracting Data......
2026-08-07 16:24:07,259 - INFO - Extracting Data......
2026-08-07 16:24:07,271 - INFO - Extracting Data......
2026-08-07 16:24:07,283 - INFO - Extracting Data......
2026-08-07 16:24:07,291 - INFO - Extracting Data......
2026-08-07 16:24:07,302 - INFO - Extracting Data......
2026-08-07 16:24:07,309 - INFO - Extracting Data......
2026-08-07 16:24:07,319 - INFO - Extracting Data......
2026-08-07 16:24:07,328 - INFO - Extracting Data......
2026-08-07 16:24:07,338 - INFO - Extracting Data......
2026-08-07 16:24:07,350 - INFO - Extracting Data......
2026-08-07 16:24:07,358 - INFO - Extracting Data......
2026-08-07 16:24:07,370 - INFO - Extracting Data......
2026-08-07 16:24:07,378 - INFO - Extracting Data......
2026-08-07 16:24:07,394 - INFO - Extracting Data......
2026-08-07 16:24:07,417 - INFO - Extracting Data......
2026-08-07 16:24:07,430 - INFO - Extracting Data......
2026-08-07 16:24:07,442 - INFO - Extracting Data......
2026-08-07 16:24:07,454 - INFO - Extracting Data......
2026-08-07 16:24:07,469 - INFO - Extracting Data......
2026-08-07 16:24:07,483 - INFO - Extracting Data......
2026-08-07 16:24:07,493 - INFO - Extracting Data......
2026-08-07 16:24:07,505 - INFO - Extracting Data......
2026-08-07 16:24:07,556 - INFO - Extracting Data......
2026-08-07 16:24:07,576 - INFO - Extracting Data......
2026-08-07 16:24:07,589 - INFO - Extracting Data......
2026-08-07 16:24:07,602 - INFO - Extracting Data......
2026-08-07 16:24:07,616 - INFO - Extracting Data......
2026-08-07 16:24:07,626 - INFO - Extracting Data......
2026-08-07 16:24:07,641 - INFO - Extracting Data......
2026-08-07 16:24:07,654 - INFO - Extracting Data......
2026-08-07 16:24:07,667 - INFO - Extracting Data......
2026-08-07 16:24:07,675 - INFO - Extracting Data......
2026-08-07 16:24:07,687 - INFO - Extracting Data......
2026-08-07 16:24:07,699 - INFO - Extracting Data......
2026-08-07 16:24:07,709 - INFO - Extracting Data......
2026-08-07 16:24:07,720 - INFO - Extracting Data......
2026-08-07 16:24:07,728 - INFO - Extracting Data......
2026-08-07 16:24:07,739 - INFO - Extracting Data......
2026-08-07 16:24:07,750 - INFO - Extracting Data......
2026-08-07 16:24:07,758 - INFO - Extracting Data......
2026-08-07 16:24:07,788 - INFO - Extracting Data......
2026-08-07 16:24:07,801 - INFO - Extracting Data......
2026-08-07 16:24:07,817 - INFO - Extracting Data......
2026-08-07 16:24:07,825 - INFO - Extracting Data......
2026-08-07 16:24:07,842 - INFO - Extracting Data......
2026-08-07 16:24:07,857 - INFO - Extracting Data......
2026-08-07 16:24:07,873 - INFO - Extracting Data......
2026-08-07 16:24:07,886 - INFO - Extracting Data......
2026-08-07 16:24:07,900 - INFO - Extracting Data......
2026-08-07 16:24:07,909 - INFO - Extracting Data......
2026-08-07 16:24:07,921 - INFO - Extracting Data......
2026-08-07 16:24:07,933 - INFO - Extracting Data......
2026-08-07 16:24:07,943 - INFO - Extracting Data......
2026-08-07 16:24:07,955 - INFO - Extracting Data......
2026-08-07 16:24:07,964 - INFO - Extracting Data......
2026-08-07 16:24:07,975 - INFO - Extracting Data......
2026-08-07 16:24:07,987 - INFO - Extracting Data......
2026-08-07 16:24:07,998 - INFO - Extracting Data......
2026-08-07 16:24:08,006 - INFO - Extracting Data......
2026-08-07 16:24:08,021 - INFO - Extracting Data......
2026-08-07 16:24:08,035 - INFO - Extracting Data......
2026-08-07 16:24:08,050 - INFO - Extracting Data......
2026-08-07 16:24:08,068 - INFO - Extracting Data......
2026-08-07 16:24:08,078 - INFO - Extracting Data......
2026-08-07 16:24:08,091 - INFO - Extracting Data......
2026-08-07 16:24:08,104 - INFO - Extracting Data......
2026-08-07 16:24:08,117 - INFO - Extracting Data......
2026-08-07 16:24:08,127 - INFO - Extracting Data......
2026-08-07 16:24:08,139 - INFO - Extracting Data......
2026-08-07 16:24:08,150 - INFO - Extracting Data......
2026-08-07 16:24:08,158 - INFO - Extracting Data......
2026-08-07 16:24:08,170 - INFO - Extracting Data......
2026-08-07 16:24:08,178 - INFO - Extracting Data......
2026-08-07 16:24:08,189 - INFO - Extracting Data......
2026-08-07 16:24:08,200 - INFO - Extracting Data......
2026-08-07 16:24:08,207 - INFO - Extracting Data......
2026-08-07 16:24:08,219 - INFO - Extracting Data......
2026-08-07 16:24:08,227 - INFO - Extracting Data......
2026-08-07 16:24:08,242 - INFO - Extracting Data......
2026-08-07 16:24:08,259 - INFO - Extracting Data......
2026-08-07 16:24:08,277 - INFO - Extracting Data......
2026-08-07 16:24:08,291 - INFO - Extracting Data......
2026-08-07 16:24:08,303 - INFO - Extracting Data......
2026-08-07 16:24:08,317 - INFO - Extracting Data......
2026-08-07 16:24:08,329 - INFO - Extracting Data......
2026-08-07 16:24:08,341 - INFO - Extracting Data......
2026-08-07 16:24:08,354 - INFO - Extracting Data......
2026-08-07 16:24:08,365 - INFO - Extracting Data......
2026-08-07 16:24:08,373 - INFO - Extracting Data......
2026-08-07 16:24:08,384 - INFO - Extracting Data......
2026-08-07 16:24:08,391 - INFO - Extracting Data......
2026-08-07 16:24:08,407 - INFO - Extracting Data......
2026-08-07 16:24:08,420 - INFO - Extracting Data......
2026-08-07 16:24:08,434 - INFO - Extracting Data......
2026-08-07 16:24:08,442 - INFO - Extracting Data......
2026-08-07 16:24:08,456 - INFO - Extracting Data......
2026-08-07 16:24:08,473 - INFO - Extracting Data......
2026-08-07 16:24:08,492 - INFO - Extracting Data......
2026-08-07 16:24:08,507 - INFO - Extracting Data......
2026-08-07 16:24:08,523 - INFO - Extracting Data......
2026-08-07 16:24:08,535 - INFO - Extracting Data......
2026-08-07 16:24:08,546 - INFO - Extracting Data......
2026-08-07 16:24:08,557 - INFO - Extracting Data......
2026-08-07 16:24:08,615 - INFO - Extracting Data......
2026-08-07 16:24:08,632 - INFO - Extracting Data......
2026-08-07 16:24:08,639 - INFO - Extracting Data......
2026-08-07 16:24:08,654 - INFO - Extracting Data......
2026-08-07 16:24:08,665 - INFO - Extracting Data......
2026-08-07 16:24:08,683 - INFO - Extracting Data......
2026-08-07 16:24:08,696 - INFO - Extracting Data......
2026-08-07 16:24:08,709 - INFO - Extracting Data......
2026-08-07 16:24:08,724 - INFO - Extracting Data......
2026-08-07 16:24:08,738 - INFO - Extracting Data......
2026-08-07 16:24:08,752 - INFO - Extracting Data......
2026-08-07 16:24:08,761 - INFO - Extracting Data......
2026-08-07 16:24:08,773 - INFO - Extracting Data......
2026-08-07 16:24:08,785 - INFO - Extracting Data......
2026-08-07 16:24:08,797 - INFO - Extracting Data......
2026-08-07 16:24:08,806 - INFO - Extracting Data......
2026-08-07 16:24:08,817 - INFO - Extracting Data......
2026-08-07 16:24:08,825 - INFO - Extracting Data......
2026-08-07 16:24:08,836 - INFO - Extracting Data......
2026-08-07 16:24:08,844 - INFO - Extracting Data......
2026-08-07 16:24:08,855 - INFO - Extracting Data......
2026-08-07 16:24:08,868 - INFO - Extracting Data......
2026-08-07 16:24:08,882 - INFO - Extracting Data......
2026-08-07 16:24:08,897 - INFO - Extracting Data......
2026-08-07 16:24:08,910 - INFO - Extracting Data......
2026-08-07 16:24:08,924 - INFO - Extracting Data......
2026-08-07 16:24:08,938 - INFO - Extracting Data......
2026-08-07 16:24:08,954 - INFO - Extracting Data......
2026-08-07 16:24:08,968 - INFO - Extracting Data......
2026-08-07 16:24:08,977 - INFO - Extracting Data......
2026-08-07 16:24:08,989 - INFO - Extracting Data......
2026-08-07 16:24:09,001 - INFO - Extracting Data......
2026-08-07 16:24:09,014 - INFO - Extracting Data......
2026-08-07 16:24:09,023 - INFO - Extracting Data......
2026-08-07 16:24:09,035 - INFO - Extracting Data......
2026-08-07 16:24:09,043 - INFO - Extracting Data......
2026-08-07 16:24:09,054 - INFO - Extracting Data......
2026-08-07 16:24:09,146 - INFO - Extracting Data......
2026-08-07 16:24:09,230 - INFO - Extracting Data......
2026-08-07 16:24:09,317 - INFO - Extracting Data......
2026-08-07 16:24:09,412 - INFO - Extracting Data......
2026-08-07 16:24:09,532 - INFO - Extracting Data......
2026-08-07 16:24:09,634 - INFO - Extracting Data......
2026-08-07 16:24:09,701 - INFO - Extracting Data......
2026-08-07 16:24:09,788 - INFO - Extracting Data......
2026-08-07 16:24:09,890 - INFO - Extracting Data......
2026-08-07 16:24:10,004 - INFO - Extracting Data......
2026-08-07 16:24:10,096 - INFO - Extracting Data......
2026-08-07 16:24:10,177 - INFO - Extracting Data......
2026-08-07 16:24:10,268 - INFO - Extracting Data......
2026-08-07 16:24:10,357 - INFO - Extracting Data......
2026-08-07 16:24:10,462 - INFO - Extracting Data......
2026-08-07 16:24:10,549 - INFO - Extracting Data......
2026-08-07 16:24:10,639 - INFO - Extracting Data......
2026-08-07 16:24:10,722 - INFO - Extracting Data......
2026-08-07 16:24:10,812 - INFO - Extracting Data......
2026-08-07 16:24:10,895 - INFO - Extracting Data......
2026-08-07 16:24:10,993 - INFO - Extracting Data......
2026-08-07 16:24:11,078 - INFO - Extracting Data......
2026-08-07 16:24:11,199 - INFO - Extracting Data......
2026-08-07 16:24:11,294 - INFO - Extracting Data......
2026-08-07 16:24:11,383 - INFO - Scrolling to load more........
2026-08-07 16:24:13,494 - INFO - Button Found.....
2026-08-07 16:24:18,606 - INFO - New Length: 549
2026-08-07 16:24:18,652 - INFO - Total hotels found: 324
2026-08-07 16:24:18,653 - INFO - Previous Length: 549
2026-08-07 16:24:18,653 - INFO - Extracting Data......
2026-08-07 16:24:18,733 - INFO - Extracting Data......
2026-08-07 16:24:18,807 - INFO - Extracting Data......
2026-08-07 16:24:18,889 - INFO - Extracting Data......
2026-08-07 16:24:18,969 - INFO - Extracting Data......
2026-08-07 16:24:19,064 - INFO - Extracting Data......
2026-08-07 16:24:19,143 - INFO - Extracting Data......
2026-08-07 16:24:19,218 - INFO - Extracting Data......
2026-08-07 16:24:19,305 - INFO - Extracting Data......
2026-08-07 16:24:19,397 - INFO - Extracting Data......
2026-08-07 16:24:19,495 - INFO - Extracting Data......
2026-08-07 16:24:19,590 - INFO - Extracting Data......
2026-08-07 16:24:19,670 - INFO - Extracting Data......
2026-08-07 16:24:19,768 - INFO - Extracting Data......
2026-08-07 16:24:19,840 - INFO - Extracting Data......
2026-08-07 16:24:19,928 - INFO - Extracting Data......
2026-08-07 16:24:20,003 - INFO - Extracting Data......
2026-08-07 16:24:20,079 - INFO - Extracting Data......
2026-08-07 16:24:20,153 - INFO - Extracting Data......
2026-08-07 16:24:20,280 - INFO - Extracting Data......
2026-08-07 16:24:20,366 - INFO - Extracting Data......
2026-08-07 16:24:20,441 - INFO - Extracting Data......
2026-08-07 16:24:20,522 - INFO - Extracting Data......
2026-08-07 16:24:20,608 - INFO - Extracting Data......
2026-08-07 16:24:20,713 - INFO - Extracting Data......
2026-08-07 16:24:20,806 - INFO - Extracting Data......
2026-08-07 16:24:20,814 - INFO - Extracting Data......
2026-08-07 16:24:20,826 - INFO - Extracting Data......
2026-08-07 16:24:20,837 - INFO - Extracting Data......
2026-08-07 16:24:20,849 - INFO - Extracting Data......
2026-08-07 16:24:20,857 - INFO - Extracting Data......
2026-08-07 16:24:20,867 - INFO - Extracting Data......
2026-08-07 16:24:20,876 - INFO - Extracting Data......
2026-08-07 16:24:20,888 - INFO - Extracting Data......
2026-08-07 16:24:20,903 - INFO - Extracting Data......
2026-08-07 16:24:20,915 - INFO - Extracting Data......
2026-08-07 16:24:20,924 - INFO - Extracting Data......
2026-08-07 16:24:20,937 - INFO - Extracting Data......
2026-08-07 16:24:20,952 - INFO - Extracting Data......
2026-08-07 16:24:20,969 - INFO - Extracting Data......
2026-08-07 16:24:20,985 - INFO - Extracting Data......
2026-08-07 16:24:21,000 - INFO - Extracting Data......
2026-08-07 16:24:21,014 - INFO - Extracting Data......
2026-08-07 16:24:21,024 - INFO - Extracting Data......
2026-08-07 16:24:21,035 - INFO - Extracting Data......
2026-08-07 16:24:21,044 - INFO - Extracting Data......
2026-08-07 16:24:21,054 - INFO - Extracting Data......
2026-08-07 16:24:21,065 - INFO - Extracting Data......
2026-08-07 16:24:21,073 - INFO - Extracting Data......
2026-08-07 16:24:21,085 - INFO - Extracting Data......
2026-08-07 16:24:21,100 - INFO - Extracting Data......
2026-08-07 16:24:21,115 - INFO - Extracting Data......
2026-08-07 16:24:21,125 - INFO - Extracting Data......
2026-08-07 16:24:21,140 - INFO - Extracting Data......
2026-08-07 16:24:21,155 - INFO - Extracting Data......
2026-08-07 16:24:21,171 - INFO - Extracting Data......
2026-08-07 16:24:21,183 - INFO - Extracting Data......
2026-08-07 16:24:21,192 - INFO - Extracting Data......
2026-08-07 16:24:21,204 - INFO - Extracting Data......
2026-08-07 16:24:21,217 - INFO - Extracting Data......
2026-08-07 16:24:21,224 - INFO - Extracting Data......
2026-08-07 16:24:21,236 - INFO - Extracting Data......
2026-08-07 16:24:21,246 - INFO - Extracting Data......
2026-08-07 16:24:21,254 - INFO - Extracting Data......
2026-08-07 16:24:21,266 - INFO - Extracting Data......
2026-08-07 16:24:21,274 - INFO - Extracting Data......
2026-08-07 16:24:21,285 - INFO - Extracting Data......
2026-08-07 16:24:21,297 - INFO - Extracting Data......
2026-08-07 16:24:21,305 - INFO - Extracting Data......
2026-08-07 16:24:21,320 - INFO - Extracting Data......
2026-08-07 16:24:21,336 - INFO - Extracting Data......
2026-08-07 16:24:21,354 - INFO - Extracting Data......
2026-08-07 16:24:21,370 - INFO - Extracting Data......
2026-08-07 16:24:21,384 - INFO - Extracting Data......
2026-08-07 16:24:21,396 - INFO - Extracting Data......
2026-08-07 16:24:21,406 - INFO - Extracting Data......
2026-08-07 16:24:21,418 - INFO - Extracting Data......
2026-08-07 16:24:21,429 - INFO - Extracting Data......
2026-08-07 16:24:21,490 - INFO - Extracting Data......
2026-08-07 16:24:21,509 - INFO - Extracting Data......
2026-08-07 16:24:21,522 - INFO - Extracting Data......
2026-08-07 16:24:21,534 - INFO - Extracting Data......
2026-08-07 16:24:21,548 - INFO - Extracting Data......
2026-08-07 16:24:21,557 - INFO - Extracting Data......
2026-08-07 16:24:21,572 - INFO - Extracting Data......
2026-08-07 16:24:21,586 - INFO - Extracting Data......
2026-08-07 16:24:21,601 - INFO - Extracting Data......
2026-08-07 16:24:21,614 - INFO - Extracting Data......
2026-08-07 16:24:21,622 - INFO - Extracting Data......
2026-08-07 16:24:21,634 - INFO - Extracting Data......
2026-08-07 16:24:21,646 - INFO - Extracting Data......
2026-08-07 16:24:21,655 - INFO - Extracting Data......
2026-08-07 16:24:21,666 - INFO - Extracting Data......
2026-08-07 16:24:21,673 - INFO - Extracting Data......
2026-08-07 16:24:21,684 - INFO - Extracting Data......
2026-08-07 16:24:21,693 - INFO - Extracting Data......
2026-08-07 16:24:21,703 - INFO - Extracting Data......
2026-08-07 16:24:21,715 - INFO - Extracting Data......
2026-08-07 16:24:21,725 - INFO - Extracting Data......
2026-08-07 16:24:21,743 - INFO - Extracting Data......
2026-08-07 16:24:21,758 - INFO - Extracting Data......
2026-08-07 16:24:21,774 - INFO - Extracting Data......
2026-08-07 16:24:21,794 - INFO - Extracting Data......
2026-08-07 16:24:21,806 - INFO - Extracting Data......
2026-08-07 16:24:21,819 - INFO - Extracting Data......
2026-08-07 16:24:21,832 - INFO - Extracting Data......
2026-08-07 16:24:21,840 - INFO - Extracting Data......
2026-08-07 16:24:21,853 - INFO - Extracting Data......
2026-08-07 16:24:21,865 - INFO - Extracting Data......
2026-08-07 16:24:21,873 - INFO - Extracting Data......
2026-08-07 16:24:21,884 - INFO - Extracting Data......
2026-08-07 16:24:21,891 - INFO - Extracting Data......
2026-08-07 16:24:21,903 - INFO - Extracting Data......
2026-08-07 16:24:21,914 - INFO - Extracting Data......
2026-08-07 16:24:21,921 - INFO - Extracting Data......
2026-08-07 16:24:21,933 - INFO - Extracting Data......
2026-08-07 16:24:21,942 - INFO - Extracting Data......
2026-08-07 16:24:21,955 - INFO - Extracting Data......
2026-08-07 16:24:21,972 - INFO - Extracting Data......
2026-08-07 16:24:21,991 - INFO - Extracting Data......
2026-08-07 16:24:22,007 - INFO - Extracting Data......
2026-08-07 16:24:22,021 - INFO - Extracting Data......
2026-08-07 16:24:22,034 - INFO - Extracting Data......
2026-08-07 16:24:22,045 - INFO - Extracting Data......
2026-08-07 16:24:22,055 - INFO - Extracting Data......
2026-08-07 16:24:22,067 - INFO - Extracting Data......
2026-08-07 16:24:22,075 - INFO - Extracting Data......
2026-08-07 16:24:22,086 - INFO - Extracting Data......
2026-08-07 16:24:22,097 - INFO - Extracting Data......
2026-08-07 16:24:22,105 - INFO - Extracting Data......
2026-08-07 16:24:22,117 - INFO - Extracting Data......
2026-08-07 16:24:22,125 - INFO - Extracting Data......
2026-08-07 16:24:22,137 - INFO - Extracting Data......
2026-08-07 16:24:22,151 - INFO - Extracting Data......
2026-08-07 16:24:22,160 - INFO - Extracting Data......
2026-08-07 16:24:22,171 - INFO - Extracting Data......
2026-08-07 16:24:22,187 - INFO - Extracting Data......
2026-08-07 16:24:22,204 - INFO - Extracting Data......
2026-08-07 16:24:22,219 - INFO - Extracting Data......
2026-08-07 16:24:22,235 - INFO - Extracting Data......
2026-08-07 16:24:22,247 - INFO - Extracting Data......
2026-08-07 16:24:22,256 - INFO - Extracting Data......
2026-08-07 16:24:22,268 - INFO - Extracting Data......
2026-08-07 16:24:22,281 - INFO - Extracting Data......
2026-08-07 16:24:22,288 - INFO - Extracting Data......
2026-08-07 16:24:22,299 - INFO - Extracting Data......
2026-08-07 16:24:22,308 - INFO - Extracting Data......
2026-08-07 16:24:22,321 - INFO - Extracting Data......
2026-08-07 16:24:22,332 - INFO - Extracting Data......
2026-08-07 16:24:22,341 - INFO - Extracting Data......
2026-08-07 16:24:22,352 - INFO - Extracting Data......
2026-08-07 16:24:22,363 - INFO - Extracting Data......
2026-08-07 16:24:22,371 - INFO - Extracting Data......
2026-08-07 16:24:22,384 - INFO - Extracting Data......
2026-08-07 16:24:22,400 - INFO - Extracting Data......
2026-08-07 16:24:22,432 - INFO - Extracting Data......
2026-08-07 16:24:22,502 - INFO - Extracting Data......
2026-08-07 16:24:22,531 - INFO - Extracting Data......
2026-08-07 16:24:22,539 - INFO - Extracting Data......
2026-08-07 16:24:22,550 - INFO - Extracting Data......
2026-08-07 16:24:22,558 - INFO - Extracting Data......
2026-08-07 16:24:22,568 - INFO - Extracting Data......
2026-08-07 16:24:22,576 - INFO - Extracting Data......
2026-08-07 16:24:22,586 - INFO - Extracting Data......
2026-08-07 16:24:22,597 - INFO - Extracting Data......
2026-08-07 16:24:22,604 - INFO - Extracting Data......
2026-08-07 16:24:22,615 - INFO - Extracting Data......
2026-08-07 16:24:22,623 - INFO - Extracting Data......
2026-08-07 16:24:22,636 - INFO - Extracting Data......
2026-08-07 16:24:22,649 - INFO - Extracting Data......
2026-08-07 16:24:22,670 - INFO - Extracting Data......
2026-08-07 16:24:22,684 - INFO - Extracting Data......
2026-08-07 16:24:22,699 - INFO - Extracting Data......
2026-08-07 16:24:22,710 - INFO - Extracting Data......
2026-08-07 16:24:22,723 - INFO - Extracting Data......
2026-08-07 16:24:22,736 - INFO - Extracting Data......
2026-08-07 16:24:22,750 - INFO - Extracting Data......
2026-08-07 16:24:22,763 - INFO - Extracting Data......
2026-08-07 16:24:22,771 - INFO - Extracting Data......
2026-08-07 16:24:22,782 - INFO - Extracting Data......
2026-08-07 16:24:22,789 - INFO - Extracting Data......
2026-08-07 16:24:22,801 - INFO - Extracting Data......
2026-08-07 16:24:22,809 - INFO - Extracting Data......
2026-08-07 16:24:22,819 - INFO - Extracting Data......
2026-08-07 16:24:22,830 - INFO - Extracting Data......
2026-08-07 16:24:22,837 - INFO - Extracting Data......
2026-08-07 16:24:22,850 - INFO - Extracting Data......
2026-08-07 16:24:22,861 - INFO - Extracting Data......
2026-08-07 16:24:22,875 - INFO - Extracting Data......
2026-08-07 16:24:22,890 - INFO - Extracting Data......
2026-08-07 16:24:22,906 - INFO - Extracting Data......
2026-08-07 16:24:22,919 - INFO - Extracting Data......
2026-08-07 16:24:22,932 - INFO - Extracting Data......
2026-08-07 16:24:22,941 - INFO - Extracting Data......
2026-08-07 16:24:22,953 - INFO - Extracting Data......
2026-08-07 16:24:22,966 - INFO - Extracting Data......
2026-08-07 16:24:22,974 - INFO - Extracting Data......
2026-08-07 16:24:22,986 - INFO - Extracting Data......
2026-08-07 16:24:22,997 - INFO - Extracting Data......
2026-08-07 16:24:23,005 - INFO - Extracting Data......
2026-08-07 16:24:23,017 - INFO - Extracting Data......
2026-08-07 16:24:23,029 - INFO - Extracting Data......
2026-08-07 16:24:23,038 - INFO - Extracting Data......
2026-08-07 16:24:23,073 - INFO - Extracting Data......
2026-08-07 16:24:23,094 - INFO - Extracting Data......
2026-08-07 16:24:23,109 - INFO - Extracting Data......
2026-08-07 16:24:23,126 - INFO - Extracting Data......
2026-08-07 16:24:23,140 - INFO - Extracting Data......
2026-08-07 16:24:23,158 - INFO - Extracting Data......
2026-08-07 16:24:23,172 - INFO - Extracting Data......
2026-08-07 16:24:23,186 - INFO - Extracting Data......
2026-08-07 16:24:23,201 - INFO - Extracting Data......
2026-08-07 16:24:23,215 - INFO - Extracting Data......
2026-08-07 16:24:23,225 - INFO - Extracting Data......
2026-08-07 16:24:23,239 - INFO - Extracting Data......
2026-08-07 16:24:23,251 - INFO - Extracting Data......
2026-08-07 16:24:23,263 - INFO - Extracting Data......
2026-08-07 16:24:23,279 - INFO - Extracting Data......
2026-08-07 16:24:23,291 - INFO - Extracting Data......
2026-08-07 16:24:23,308 - INFO - Extracting Data......
2026-08-07 16:24:23,323 - INFO - Extracting Data......
2026-08-07 16:24:23,336 - INFO - Extracting Data......
2026-08-07 16:24:23,349 - INFO - Extracting Data......
2026-08-07 16:24:23,360 - INFO - Extracting Data......
2026-08-07 16:24:23,371 - INFO - Extracting Data......
2026-08-07 16:24:23,383 - INFO - Extracting Data......
2026-08-07 16:24:23,392 - INFO - Extracting Data......
2026-08-07 16:24:23,404 - INFO - Extracting Data......
2026-08-07 16:24:23,416 - INFO - Extracting Data......
2026-08-07 16:24:23,426 - INFO - Extracting Data......
2026-08-07 16:24:23,437 - INFO - Extracting Data......
2026-08-07 16:24:23,449 - INFO - Extracting Data......
2026-08-07 16:24:23,458 - INFO - Extracting Data......
2026-08-07 16:24:23,470 - INFO - Extracting Data......
2026-08-07 16:24:23,486 - INFO - Extracting Data......
2026-08-07 16:24:23,502 - INFO - Extracting Data......
2026-08-07 16:24:23,519 - INFO - Extracting Data......
2026-08-07 16:24:23,536 - INFO - Extracting Data......
2026-08-07 16:24:23,550 - INFO - Extracting Data......
2026-08-07 16:24:23,564 - INFO - Extracting Data......
2026-08-07 16:24:23,574 - INFO - Extracting Data......
2026-08-07 16:24:23,587 - INFO - Extracting Data......
2026-08-07 16:24:23,600 - INFO - Extracting Data......
2026-08-07 16:24:23,668 - INFO - Extracting Data......
2026-08-07 16:24:23,684 - INFO - Extracting Data......
2026-08-07 16:24:23,698 - INFO - Extracting Data......
2026-08-07 16:24:23,716 - INFO - Extracting Data......
2026-08-07 16:24:23,739 - INFO - Extracting Data......
2026-08-07 16:24:23,761 - INFO - Extracting Data......
2026-08-07 16:24:23,781 - INFO - Extracting Data......
2026-08-07 16:24:23,799 - INFO - Extracting Data......
2026-08-07 16:24:23,813 - INFO - Extracting Data......
2026-08-07 16:24:23,824 - INFO - Extracting Data......
2026-08-07 16:24:23,840 - INFO - Extracting Data......
2026-08-07 16:24:23,855 - INFO - Extracting Data......
2026-08-07 16:24:23,868 - INFO - Extracting Data......
2026-08-07 16:24:23,883 - INFO - Extracting Data......
2026-08-07 16:24:23,897 - INFO - Extracting Data......
2026-08-07 16:24:23,908 - INFO - Extracting Data......
2026-08-07 16:24:23,922 - INFO - Extracting Data......
2026-08-07 16:24:23,936 - INFO - Extracting Data......
2026-08-07 16:24:23,953 - INFO - Extracting Data......
2026-08-07 16:24:23,975 - INFO - Extracting Data......
2026-08-07 16:24:23,992 - INFO - Extracting Data......
2026-08-07 16:24:24,006 - INFO - Extracting Data......
2026-08-07 16:24:24,029 - INFO - Extracting Data......
2026-08-07 16:24:24,043 - INFO - Extracting Data......
2026-08-07 16:24:24,056 - INFO - Extracting Data......
2026-08-07 16:24:24,070 - INFO - Extracting Data......
2026-08-07 16:24:24,084 - INFO - Extracting Data......
2026-08-07 16:24:24,099 - INFO - Extracting Data......
2026-08-07 16:24:24,113 - INFO - Extracting Data......
2026-08-07 16:24:24,126 - INFO - Extracting Data......
2026-08-07 16:24:24,141 - INFO - Extracting Data......
2026-08-07 16:24:24,156 - INFO - Extracting Data......
2026-08-07 16:24:24,172 - INFO - Extracting Data......
2026-08-07 16:24:24,191 - INFO - Extracting Data......
2026-08-07 16:24:24,215 - INFO - Extracting Data......
2026-08-07 16:24:24,233 - INFO - Extracting Data......
2026-08-07 16:24:24,250 - INFO - Extracting Data......
2026-08-07 16:24:24,267 - INFO - Extracting Data......
2026-08-07 16:24:24,280 - INFO - Extracting Data......
2026-08-07 16:24:24,291 - INFO - Extracting Data......
2026-08-07 16:24:24,306 - INFO - Extracting Data......
2026-08-07 16:24:24,320 - INFO - Extracting Data......
2026-08-07 16:24:24,335 - INFO - Extracting Data......
2026-08-07 16:24:24,351 - INFO - Extracting Data......
2026-08-07 16:24:24,366 - INFO - Extracting Data......
2026-08-07 16:24:24,380 - INFO - Extracting Data......
2026-08-07 16:24:24,391 - INFO - Extracting Data......
2026-08-07 16:24:24,415 - INFO - Extracting Data......
2026-08-07 16:24:24,436 - INFO - Extracting Data......
2026-08-07 16:24:24,452 - INFO - Extracting Data......
2026-08-07 16:24:24,468 - INFO - Extracting Data......
2026-08-07 16:24:24,483 - INFO - Extracting Data......
2026-08-07 16:24:24,497 - INFO - Extracting Data......
2026-08-07 16:24:24,509 - INFO - Extracting Data......
2026-08-07 16:24:24,528 - INFO - Extracting Data......
2026-08-07 16:24:24,542 - INFO - Extracting Data......
2026-08-07 16:24:24,557 - INFO - Extracting Data......
2026-08-07 16:24:24,692 - INFO - Extracting Data......
2026-08-07 16:24:24,819 - INFO - Extracting Data......
2026-08-07 16:24:24,940 - INFO - Extracting Data......
2026-08-07 16:24:25,033 - INFO - Extracting Data......
2026-08-07 16:24:25,139 - INFO - Extracting Data......
2026-08-07 16:24:25,227 - INFO - Extracting Data......
2026-08-07 16:24:25,313 - INFO - Extracting Data......
2026-08-07 16:24:25,404 - INFO - Extracting Data......
2026-08-07 16:24:25,504 - INFO - Extracting Data......
2026-08-07 16:24:25,597 - INFO - Extracting Data......
2026-08-07 16:24:25,687 - INFO - Extracting Data......
2026-08-07 16:24:25,851 - INFO - Extracting Data......
2026-08-07 16:24:25,939 - INFO - Extracting Data......
2026-08-07 16:24:26,039 - INFO - Extracting Data......
2026-08-07 16:24:26,132 - INFO - Extracting Data......
2026-08-07 16:24:26,215 - INFO - Extracting Data......
2026-08-07 16:24:26,312 - INFO - Extracting Data......
2026-08-07 16:24:26,395 - INFO - Extracting Data......
2026-08-07 16:24:26,497 - INFO - Extracting Data......
2026-08-07 16:24:26,581 - INFO - Extracting Data......
2026-08-07 16:24:26,678 - INFO - Extracting Data......
2026-08-07 16:24:26,770 - INFO - Extracting Data......
2026-08-07 16:24:26,860 - INFO - Extracting Data......
2026-08-07 16:24:26,946 - INFO - Extracting Data......
2026-08-07 16:24:27,040 - INFO - Scrolling to load more........
2026-08-07 16:24:29,143 - INFO - Button Found.....
2026-08-07 16:24:34,121 - INFO - New Length: 599
2026-08-07 16:24:34,157 - INFO - Total hotels found: 349
2026-08-07 16:24:34,158 - INFO - Previous Length: 599
2026-08-07 16:24:34,158 - INFO - Extracting Data......
2026-08-07 16:24:34,246 - INFO - Extracting Data......
2026-08-07 16:24:34,326 - INFO - Extracting Data......
2026-08-07 16:24:34,396 - INFO - Extracting Data......
2026-08-07 16:24:34,493 - INFO - Extracting Data......
2026-08-07 16:24:34,582 - INFO - Extracting Data......
2026-08-07 16:24:34,682 - INFO - Extracting Data......
2026-08-07 16:24:34,775 - INFO - Extracting Data......
2026-08-07 16:24:34,876 - INFO - Extracting Data......
2026-08-07 16:24:34,976 - INFO - Extracting Data......
2026-08-07 16:24:35,067 - INFO - Extracting Data......
2026-08-07 16:24:35,146 - INFO - Extracting Data......
2026-08-07 16:24:35,223 - INFO - Extracting Data......
2026-08-07 16:24:35,322 - INFO - Extracting Data......
2026-08-07 16:24:35,409 - INFO - Extracting Data......
2026-08-07 16:24:35,512 - INFO - Extracting Data......
2026-08-07 16:24:35,584 - INFO - Extracting Data......
2026-08-07 16:24:35,681 - INFO - Extracting Data......
2026-08-07 16:24:35,771 - INFO - Extracting Data......
2026-08-07 16:24:35,862 - INFO - Extracting Data......
2026-08-07 16:24:35,955 - INFO - Extracting Data......
2026-08-07 16:24:36,037 - INFO - Extracting Data......
2026-08-07 16:24:36,128 - INFO - Extracting Data......
2026-08-07 16:24:36,215 - INFO - Extracting Data......
2026-08-07 16:24:36,287 - INFO - Extracting Data......
2026-08-07 16:24:36,370 - INFO - Extracting Data......
2026-08-07 16:24:36,378 - INFO - Extracting Data......
2026-08-07 16:24:36,393 - INFO - Extracting Data......
2026-08-07 16:24:36,402 - INFO - Extracting Data......
2026-08-07 16:24:36,416 - INFO - Extracting Data......
2026-08-07 16:24:36,427 - INFO - Extracting Data......
2026-08-07 16:24:36,436 - INFO - Extracting Data......
2026-08-07 16:24:36,449 - INFO - Extracting Data......
2026-08-07 16:24:36,457 - INFO - Extracting Data......
2026-08-07 16:24:36,469 - INFO - Extracting Data......
2026-08-07 16:24:36,480 - INFO - Extracting Data......
2026-08-07 16:24:36,489 - INFO - Extracting Data......
2026-08-07 16:24:36,503 - INFO - Extracting Data......
2026-08-07 16:24:36,518 - INFO - Extracting Data......
2026-08-07 16:24:36,536 - INFO - Extracting Data......
2026-08-07 16:24:36,548 - INFO - Extracting Data......
2026-08-07 16:24:36,561 - INFO - Extracting Data......
2026-08-07 16:24:36,628 - INFO - Extracting Data......
2026-08-07 16:24:36,664 - INFO - Extracting Data......
2026-08-07 16:24:36,673 - INFO - Extracting Data......
2026-08-07 16:24:36,684 - INFO - Extracting Data......
2026-08-07 16:24:36,695 - INFO - Extracting Data......
2026-08-07 16:24:36,702 - INFO - Extracting Data......
2026-08-07 16:24:36,716 - INFO - Extracting Data......
2026-08-07 16:24:36,733 - INFO - Extracting Data......
2026-08-07 16:24:36,748 - INFO - Extracting Data......
2026-08-07 16:24:36,763 - INFO - Extracting Data......
2026-08-07 16:24:36,779 - INFO - Extracting Data......
2026-08-07 16:24:36,795 - INFO - Extracting Data......
2026-08-07 16:24:36,810 - INFO - Extracting Data......
2026-08-07 16:24:36,821 - INFO - Extracting Data......
2026-08-07 16:24:36,835 - INFO - Extracting Data......
2026-08-07 16:24:36,848 - INFO - Extracting Data......
2026-08-07 16:24:36,862 - INFO - Extracting Data......
2026-08-07 16:24:36,872 - INFO - Extracting Data......
2026-08-07 16:24:36,884 - INFO - Extracting Data......
2026-08-07 16:24:36,895 - INFO - Extracting Data......
2026-08-07 16:24:36,902 - INFO - Extracting Data......
2026-08-07 16:24:36,913 - INFO - Extracting Data......
2026-08-07 16:24:36,921 - INFO - Extracting Data......
2026-08-07 16:24:36,933 - INFO - Extracting Data......
2026-08-07 16:24:36,945 - INFO - Extracting Data......
2026-08-07 16:24:36,953 - INFO - Extracting Data......
2026-08-07 16:24:36,966 - INFO - Extracting Data......
2026-08-07 16:24:36,978 - INFO - Extracting Data......
2026-08-07 16:24:36,996 - INFO - Extracting Data......
2026-08-07 16:24:37,012 - INFO - Extracting Data......
2026-08-07 16:24:37,031 - INFO - Extracting Data......
2026-08-07 16:24:37,047 - INFO - Extracting Data......
2026-08-07 16:24:37,061 - INFO - Extracting Data......
2026-08-07 16:24:37,070 - INFO - Extracting Data......
2026-08-07 16:24:37,098 - INFO - Extracting Data......
2026-08-07 16:24:37,109 - INFO - Extracting Data......
2026-08-07 16:24:37,117 - INFO - Extracting Data......
2026-08-07 16:24:37,130 - INFO - Extracting Data......
2026-08-07 16:24:37,142 - INFO - Extracting Data......
2026-08-07 16:24:37,153 - INFO - Extracting Data......
2026-08-07 16:24:37,166 - INFO - Extracting Data......
2026-08-07 16:24:37,178 - INFO - Extracting Data......
2026-08-07 16:24:37,187 - INFO - Extracting Data......
2026-08-07 16:24:37,201 - INFO - Extracting Data......
2026-08-07 16:24:37,219 - INFO - Extracting Data......
2026-08-07 16:24:37,237 - INFO - Extracting Data......
2026-08-07 16:24:37,254 - INFO - Extracting Data......
2026-08-07 16:24:37,270 - INFO - Extracting Data......
2026-08-07 16:24:37,287 - INFO - Extracting Data......
2026-08-07 16:24:37,303 - INFO - Extracting Data......
2026-08-07 16:24:37,315 - INFO - Extracting Data......
2026-08-07 16:24:37,328 - INFO - Extracting Data......
2026-08-07 16:24:37,338 - INFO - Extracting Data......
2026-08-07 16:24:37,349 - INFO - Extracting Data......
2026-08-07 16:24:37,360 - INFO - Extracting Data......
2026-08-07 16:24:37,369 - INFO - Extracting Data......
2026-08-07 16:24:37,380 - INFO - Extracting Data......
2026-08-07 16:24:37,387 - INFO - Extracting Data......
2026-08-07 16:24:37,398 - INFO - Extracting Data......
2026-08-07 16:24:37,407 - INFO - Extracting Data......
2026-08-07 16:24:37,427 - INFO - Extracting Data......
2026-08-07 16:24:37,504 - INFO - Extracting Data......
2026-08-07 16:24:37,529 - INFO - Extracting Data......
2026-08-07 16:24:37,540 - INFO - Extracting Data......
2026-08-07 16:24:37,552 - INFO - Extracting Data......
2026-08-07 16:24:37,564 - INFO - Extracting Data......
2026-08-07 16:24:37,570 - INFO - Extracting Data......
2026-08-07 16:24:37,581 - INFO - Extracting Data......
2026-08-07 16:24:37,588 - INFO - Extracting Data......
2026-08-07 16:24:37,598 - INFO - Extracting Data......
2026-08-07 16:24:37,606 - INFO - Extracting Data......
2026-08-07 16:24:37,616 - INFO - Extracting Data......
2026-08-07 16:24:37,628 - INFO - Extracting Data......
2026-08-07 16:24:37,636 - INFO - Extracting Data......
2026-08-07 16:24:37,649 - INFO - Extracting Data......
2026-08-07 16:24:37,664 - INFO - Extracting Data......
2026-08-07 16:24:37,680 - INFO - Extracting Data......
2026-08-07 16:24:37,700 - INFO - Extracting Data......
2026-08-07 16:24:37,718 - INFO - Extracting Data......
2026-08-07 16:24:37,734 - INFO - Extracting Data......
2026-08-07 16:24:37,751 - INFO - Extracting Data......
2026-08-07 16:24:37,781 - INFO - Extracting Data......
2026-08-07 16:24:37,794 - INFO - Extracting Data......
2026-08-07 16:24:37,802 - INFO - Extracting Data......
2026-08-07 16:24:37,813 - INFO - Extracting Data......
2026-08-07 16:24:37,821 - INFO - Extracting Data......
2026-08-07 16:24:37,831 - INFO - Extracting Data......
2026-08-07 16:24:37,841 - INFO - Extracting Data......
2026-08-07 16:24:37,852 - INFO - Extracting Data......
2026-08-07 16:24:37,863 - INFO - Extracting Data......
2026-08-07 16:24:37,870 - INFO - Extracting Data......
2026-08-07 16:24:37,885 - INFO - Extracting Data......
2026-08-07 16:24:37,900 - INFO - Extracting Data......
2026-08-07 16:24:37,917 - INFO - Extracting Data......
2026-08-07 16:24:37,932 - INFO - Extracting Data......
2026-08-07 16:24:37,945 - INFO - Extracting Data......
2026-08-07 16:24:37,956 - INFO - Extracting Data......
2026-08-07 16:24:37,970 - INFO - Extracting Data......
2026-08-07 16:24:37,983 - INFO - Extracting Data......
2026-08-07 16:24:37,993 - INFO - Extracting Data......
2026-08-07 16:24:38,002 - INFO - Extracting Data......
2026-08-07 16:24:38,013 - INFO - Extracting Data......
2026-08-07 16:24:38,021 - INFO - Extracting Data......
2026-08-07 16:24:38,032 - INFO - Extracting Data......
2026-08-07 16:24:38,043 - INFO - Extracting Data......
2026-08-07 16:24:38,050 - INFO - Extracting Data......
2026-08-07 16:24:38,062 - INFO - Extracting Data......
2026-08-07 16:24:38,069 - INFO - Extracting Data......
2026-08-07 16:24:38,081 - INFO - Extracting Data......
2026-08-07 16:24:38,091 - INFO - Extracting Data......
2026-08-07 16:24:38,102 - INFO - Extracting Data......
2026-08-07 16:24:38,119 - INFO - Extracting Data......
2026-08-07 16:24:38,136 - INFO - Extracting Data......
2026-08-07 16:24:38,150 - INFO - Extracting Data......
2026-08-07 16:24:38,164 - INFO - Extracting Data......
2026-08-07 16:24:38,174 - INFO - Extracting Data......
2026-08-07 16:24:38,186 - INFO - Extracting Data......
2026-08-07 16:24:38,200 - INFO - Extracting Data......
2026-08-07 16:24:38,213 - INFO - Extracting Data......
2026-08-07 16:24:38,222 - INFO - Extracting Data......
2026-08-07 16:24:38,233 - INFO - Extracting Data......
2026-08-07 16:24:38,244 - INFO - Extracting Data......
2026-08-07 16:24:38,251 - INFO - Extracting Data......
2026-08-07 16:24:38,263 - INFO - Extracting Data......
2026-08-07 16:24:38,270 - INFO - Extracting Data......
2026-08-07 16:24:38,281 - INFO - Extracting Data......
2026-08-07 16:24:38,288 - INFO - Extracting Data......
2026-08-07 16:24:38,299 - INFO - Extracting Data......
2026-08-07 16:24:38,311 - INFO - Extracting Data......
2026-08-07 16:24:38,330 - INFO - Extracting Data......
2026-08-07 16:24:38,346 - INFO - Extracting Data......
2026-08-07 16:24:38,362 - INFO - Extracting Data......
2026-08-07 16:24:38,372 - INFO - Extracting Data......
2026-08-07 16:24:38,386 - INFO - Extracting Data......
2026-08-07 16:24:38,399 - INFO - Extracting Data......
2026-08-07 16:24:38,411 - INFO - Extracting Data......
2026-08-07 16:24:38,420 - INFO - Extracting Data......
2026-08-07 16:24:38,433 - INFO - Extracting Data......
2026-08-07 16:24:38,444 - INFO - Extracting Data......
2026-08-07 16:24:38,453 - INFO - Extracting Data......
2026-08-07 16:24:38,465 - INFO - Extracting Data......
2026-08-07 16:24:38,477 - INFO - Extracting Data......
2026-08-07 16:24:38,484 - INFO - Extracting Data......
2026-08-07 16:24:38,495 - INFO - Extracting Data......
2026-08-07 16:24:38,503 - INFO - Extracting Data......
2026-08-07 16:24:38,515 - INFO - Extracting Data......
2026-08-07 16:24:38,524 - INFO - Extracting Data......
2026-08-07 16:24:38,538 - INFO - Extracting Data......
2026-08-07 16:24:38,556 - INFO - Extracting Data......
2026-08-07 16:24:38,573 - INFO - Extracting Data......
2026-08-07 16:24:38,586 - INFO - Extracting Data......
2026-08-07 16:24:38,649 - INFO - Extracting Data......
2026-08-07 16:24:38,666 - INFO - Extracting Data......
2026-08-07 16:24:38,677 - INFO - Extracting Data......
2026-08-07 16:24:38,684 - INFO - Extracting Data......
2026-08-07 16:24:38,695 - INFO - Extracting Data......
2026-08-07 16:24:38,702 - INFO - Extracting Data......
2026-08-07 16:24:38,713 - INFO - Extracting Data......
2026-08-07 16:24:38,720 - INFO - Extracting Data......
2026-08-07 16:24:38,731 - INFO - Extracting Data......
2026-08-07 16:24:38,742 - INFO - Extracting Data......
2026-08-07 16:24:38,751 - INFO - Extracting Data......
2026-08-07 16:24:38,763 - INFO - Extracting Data......
2026-08-07 16:24:38,778 - INFO - Extracting Data......
2026-08-07 16:24:38,794 - INFO - Extracting Data......
2026-08-07 16:24:38,807 - INFO - Extracting Data......
2026-08-07 16:24:38,819 - INFO - Extracting Data......
2026-08-07 16:24:38,833 - INFO - Extracting Data......
2026-08-07 16:24:38,858 - INFO - Extracting Data......
2026-08-07 16:24:38,869 - INFO - Extracting Data......
2026-08-07 16:24:38,881 - INFO - Extracting Data......
2026-08-07 16:24:38,893 - INFO - Extracting Data......
2026-08-07 16:24:38,901 - INFO - Extracting Data......
2026-08-07 16:24:38,912 - INFO - Extracting Data......
2026-08-07 16:24:38,920 - INFO - Extracting Data......
2026-08-07 16:24:38,931 - INFO - Extracting Data......
2026-08-07 16:24:38,941 - INFO - Extracting Data......
2026-08-07 16:24:38,950 - INFO - Extracting Data......
2026-08-07 16:24:38,961 - INFO - Extracting Data......
2026-08-07 16:24:38,971 - INFO - Extracting Data......
2026-08-07 16:24:38,985 - INFO - Extracting Data......
2026-08-07 16:24:39,000 - INFO - Extracting Data......
2026-08-07 16:24:39,017 - INFO - Extracting Data......
2026-08-07 16:24:39,038 - INFO - Extracting Data......
2026-08-07 16:24:39,051 - INFO - Extracting Data......
2026-08-07 16:24:39,065 - INFO - Extracting Data......
2026-08-07 16:24:39,080 - INFO - Extracting Data......
2026-08-07 16:24:39,091 - INFO - Extracting Data......
2026-08-07 16:24:39,100 - INFO - Extracting Data......
2026-08-07 16:24:39,112 - INFO - Extracting Data......
2026-08-07 16:24:39,120 - INFO - Extracting Data......
2026-08-07 16:24:39,133 - INFO - Extracting Data......
2026-08-07 16:24:39,143 - INFO - Extracting Data......
2026-08-07 16:24:39,151 - INFO - Extracting Data......
2026-08-07 16:24:39,163 - INFO - Extracting Data......
2026-08-07 16:24:39,171 - INFO - Extracting Data......
2026-08-07 16:24:39,181 - INFO - Extracting Data......
2026-08-07 16:24:39,193 - INFO - Extracting Data......
2026-08-07 16:24:39,205 - INFO - Extracting Data......
2026-08-07 16:24:39,220 - INFO - Extracting Data......
2026-08-07 16:24:39,234 - INFO - Extracting Data......
2026-08-07 16:24:39,249 - INFO - Extracting Data......
2026-08-07 16:24:39,263 - INFO - Extracting Data......
2026-08-07 16:24:39,274 - INFO - Extracting Data......
2026-08-07 16:24:39,284 - INFO - Extracting Data......
2026-08-07 16:24:39,298 - INFO - Extracting Data......
2026-08-07 16:24:39,311 - INFO - Extracting Data......
2026-08-07 16:24:39,319 - INFO - Extracting Data......
2026-08-07 16:24:39,330 - INFO - Extracting Data......
2026-08-07 16:24:39,338 - INFO - Extracting Data......
2026-08-07 16:24:39,349 - INFO - Extracting Data......
2026-08-07 16:24:39,360 - INFO - Extracting Data......
2026-08-07 16:24:39,369 - INFO - Extracting Data......
2026-08-07 16:24:39,382 - INFO - Extracting Data......
2026-08-07 16:24:39,393 - INFO - Extracting Data......
2026-08-07 16:24:39,401 - INFO - Extracting Data......
2026-08-07 16:24:39,469 - INFO - Extracting Data......
2026-08-07 16:24:39,495 - INFO - Extracting Data......
2026-08-07 16:24:39,505 - INFO - Extracting Data......
2026-08-07 16:24:39,518 - INFO - Extracting Data......
2026-08-07 16:24:39,531 - INFO - Extracting Data......
2026-08-07 16:24:39,543 - INFO - Extracting Data......
2026-08-07 16:24:39,553 - INFO - Extracting Data......
2026-08-07 16:24:39,566 - INFO - Extracting Data......
2026-08-07 16:24:39,577 - INFO - Extracting Data......
2026-08-07 16:24:39,585 - INFO - Extracting Data......
2026-08-07 16:24:39,598 - INFO - Extracting Data......
2026-08-07 16:24:39,609 - INFO - Extracting Data......
2026-08-07 16:24:39,620 - INFO - Extracting Data......
2026-08-07 16:24:39,648 - INFO - Extracting Data......
2026-08-07 16:24:39,662 - INFO - Extracting Data......
2026-08-07 16:24:39,678 - INFO - Extracting Data......
2026-08-07 16:24:39,697 - INFO - Extracting Data......
2026-08-07 16:24:39,718 - INFO - Extracting Data......
2026-08-07 16:24:39,733 - INFO - Extracting Data......
2026-08-07 16:24:39,747 - INFO - Extracting Data......
2026-08-07 16:24:39,758 - INFO - Extracting Data......
2026-08-07 16:24:39,770 - INFO - Extracting Data......
2026-08-07 16:24:39,786 - INFO - Extracting Data......
2026-08-07 16:24:39,798 - INFO - Extracting Data......
2026-08-07 16:24:39,811 - INFO - Extracting Data......
2026-08-07 16:24:39,822 - INFO - Extracting Data......
2026-08-07 16:24:39,835 - INFO - Extracting Data......
2026-08-07 16:24:39,847 - INFO - Extracting Data......
2026-08-07 16:24:39,859 - INFO - Extracting Data......
2026-08-07 16:24:39,869 - INFO - Extracting Data......
2026-08-07 16:24:39,882 - INFO - Extracting Data......
2026-08-07 16:24:39,897 - INFO - Extracting Data......
2026-08-07 16:24:39,915 - INFO - Extracting Data......
2026-08-07 16:24:39,934 - INFO - Extracting Data......
2026-08-07 16:24:39,950 - INFO - Extracting Data......
2026-08-07 16:24:39,965 - INFO - Extracting Data......
2026-08-07 16:24:39,979 - INFO - Extracting Data......
2026-08-07 16:24:39,991 - INFO - Extracting Data......
2026-08-07 16:24:40,004 - INFO - Extracting Data......
2026-08-07 16:24:40,018 - INFO - Extracting Data......
2026-08-07 16:24:40,031 - INFO - Extracting Data......
2026-08-07 16:24:40,045 - INFO - Extracting Data......
2026-08-07 16:24:40,055 - INFO - Extracting Data......
2026-08-07 16:24:40,069 - INFO - Extracting Data......
2026-08-07 16:24:40,082 - INFO - Extracting Data......
2026-08-07 16:24:40,098 - INFO - Extracting Data......
2026-08-07 16:24:40,113 - INFO - Extracting Data......
2026-08-07 16:24:40,131 - INFO - Extracting Data......
2026-08-07 16:24:40,150 - INFO - Extracting Data......
2026-08-07 16:24:40,167 - INFO - Extracting Data......
2026-08-07 16:24:40,182 - INFO - Extracting Data......
2026-08-07 16:24:40,197 - INFO - Extracting Data......
2026-08-07 16:24:40,208 - INFO - Extracting Data......
2026-08-07 16:24:40,221 - INFO - Extracting Data......
2026-08-07 16:24:40,235 - INFO - Extracting Data......
2026-08-07 16:24:40,248 - INFO - Extracting Data......
2026-08-07 16:24:40,260 - INFO - Extracting Data......
2026-08-07 16:24:40,271 - INFO - Extracting Data......
2026-08-07 16:24:40,283 - INFO - Extracting Data......
2026-08-07 16:24:40,297 - INFO - Extracting Data......
2026-08-07 16:24:40,310 - INFO - Extracting Data......
2026-08-07 16:24:40,322 - INFO - Extracting Data......
2026-08-07 16:24:40,411 - INFO - Extracting Data......
2026-08-07 16:24:40,430 - INFO - Extracting Data......
2026-08-07 16:24:40,444 - INFO - Extracting Data......
2026-08-07 16:24:40,457 - INFO - Extracting Data......
2026-08-07 16:24:40,473 - INFO - Extracting Data......
2026-08-07 16:24:40,590 - INFO - Extracting Data......
2026-08-07 16:24:40,695 - INFO - Extracting Data......
2026-08-07 16:24:40,793 - INFO - Extracting Data......
2026-08-07 16:24:40,897 - INFO - Extracting Data......
2026-08-07 16:24:40,995 - INFO - Extracting Data......
2026-08-07 16:24:41,111 - INFO - Extracting Data......
2026-08-07 16:24:41,209 - INFO - Extracting Data......
2026-08-07 16:24:41,317 - INFO - Extracting Data......
2026-08-07 16:24:41,412 - INFO - Extracting Data......
2026-08-07 16:24:41,512 - INFO - Extracting Data......
2026-08-07 16:24:41,607 - INFO - Extracting Data......
2026-08-07 16:24:41,718 - INFO - Extracting Data......
2026-08-07 16:24:41,804 - INFO - Extracting Data......
2026-08-07 16:24:41,900 - INFO - Extracting Data......
2026-08-07 16:24:41,992 - INFO - Extracting Data......
2026-08-07 16:24:42,088 - INFO - Extracting Data......
2026-08-07 16:24:42,189 - INFO - Extracting Data......
2026-08-07 16:24:42,272 - INFO - Extracting Data......
2026-08-07 16:24:42,368 - INFO - Extracting Data......
2026-08-07 16:24:42,464 - INFO - Extracting Data......
2026-08-07 16:24:42,562 - INFO - Extracting Data......
2026-08-07 16:24:42,651 - INFO - Extracting Data......
2026-08-07 16:24:42,742 - INFO - Extracting Data......
2026-08-07 16:24:42,879 - INFO - Extracting Data......
2026-08-07 16:24:42,974 - INFO - Scrolling to load more........
2026-08-07 16:24:47,301 - INFO - No button Found
2026-08-07 16:24:47,301 - INFO - New Length: 649
2026-08-07 16:24:47,358 - INFO - Total hotels found: 349
2026-08-07 16:24:47,358 - INFO - Previous Length: 649
2026-08-07 16:24:47,358 - INFO - Extracting Data......
2026-08-07 16:24:47,379 - INFO - Extracting Data......
2026-08-07 16:24:47,397 - INFO - Extracting Data......
2026-08-07 16:24:47,418 - INFO - Extracting Data......
2026-08-07 16:24:47,438 - INFO - Extracting Data......
2026-08-07 16:24:47,457 - INFO - Extracting Data......
2026-08-07 16:24:47,481 - INFO - Extracting Data......
2026-08-07 16:24:47,501 - INFO - Extracting Data......
2026-08-07 16:24:47,519 - INFO - Extracting Data......
2026-08-07 16:24:47,540 - INFO - Extracting Data......
2026-08-07 16:24:47,561 - INFO - Extracting Data......
2026-08-07 16:24:47,588 - INFO - Extracting Data......
2026-08-07 16:24:47,611 - INFO - Extracting Data......
2026-08-07 16:24:47,634 - INFO - Extracting Data......
2026-08-07 16:24:47,660 - INFO - Extracting Data......
2026-08-07 16:24:47,683 - INFO - Extracting Data......
2026-08-07 16:24:47,712 - INFO - Extracting Data......
2026-08-07 16:24:47,736 - INFO - Extracting Data......
2026-08-07 16:24:47,788 - INFO - Extracting Data......
2026-08-07 16:24:47,807 - INFO - Extracting Data......
2026-08-07 16:24:47,835 - INFO - Extracting Data......
2026-08-07 16:24:47,863 - INFO - Extracting Data......
2026-08-07 16:24:47,887 - INFO - Extracting Data......
2026-08-07 16:24:47,916 - INFO - Extracting Data......
2026-08-07 16:24:47,937 - INFO - Extracting Data......
2026-08-07 16:24:47,964 - INFO - Extracting Data......
2026-08-07 16:24:48,004 - INFO - Extracting Data......
2026-08-07 16:24:48,033 - INFO - Extracting Data......
2026-08-07 16:24:48,219 - INFO - Extracting Data......
2026-08-07 16:24:48,273 - INFO - Extracting Data......
2026-08-07 16:24:48,316 - INFO - Extracting Data......
2026-08-07 16:24:48,440 - INFO - Extracting Data......
2026-08-07 16:24:48,485 - INFO - Extracting Data......
2026-08-07 16:24:48,549 - INFO - Extracting Data......
2026-08-07 16:24:48,565 - INFO - Extracting Data......
2026-08-07 16:24:48,583 - INFO - Extracting Data......
2026-08-07 16:24:48,613 - INFO - Extracting Data......
2026-08-07 16:24:48,635 - INFO - Extracting Data......
2026-08-07 16:24:48,703 - INFO - Extracting Data......
2026-08-07 16:24:48,771 - INFO - Extracting Data......
2026-08-07 16:24:48,787 - INFO - Extracting Data......
2026-08-07 16:24:48,800 - INFO - Extracting Data......
2026-08-07 16:24:48,913 - INFO - Extracting Data......
2026-08-07 16:24:48,932 - INFO - Extracting Data......
2026-08-07 16:24:48,963 - INFO - Extracting Data......
2026-08-07 16:24:48,979 - INFO - Extracting Data......
2026-08-07 16:24:49,000 - INFO - Extracting Data......
2026-08-07 16:24:49,017 - INFO - Extracting Data......
2026-08-07 16:24:49,036 - INFO - Extracting Data......
2026-08-07 16:24:49,056 - INFO - Extracting Data......
2026-08-07 16:24:49,076 - INFO - Extracting Data......
2026-08-07 16:24:49,086 - INFO - Extracting Data......
2026-08-07 16:24:49,101 - INFO - Extracting Data......
2026-08-07 16:24:49,117 - INFO - Extracting Data......
2026-08-07 16:24:49,133 - INFO - Extracting Data......
2026-08-07 16:24:49,148 - INFO - Extracting Data......
2026-08-07 16:24:49,167 - INFO - Extracting Data......
2026-08-07 16:24:49,185 - INFO - Extracting Data......
2026-08-07 16:24:49,202 - INFO - Extracting Data......
2026-08-07 16:24:49,218 - INFO - Extracting Data......
2026-08-07 16:24:49,234 - INFO - Extracting Data......
2026-08-07 16:24:49,249 - INFO - Extracting Data......
2026-08-07 16:24:49,264 - INFO - Extracting Data......
2026-08-07 16:24:49,281 - INFO - Extracting Data......
2026-08-07 16:24:49,297 - INFO - Extracting Data......
2026-08-07 16:24:49,314 - INFO - Extracting Data......
2026-08-07 16:24:49,330 - INFO - Extracting Data......
2026-08-07 16:24:49,347 - INFO - Extracting Data......
2026-08-07 16:24:49,365 - INFO - Extracting Data......
2026-08-07 16:24:49,382 - INFO - Extracting Data......
2026-08-07 16:24:49,398 - INFO - Extracting Data......
2026-08-07 16:24:49,415 - INFO - Extracting Data......
2026-08-07 16:24:49,449 - INFO - Extracting Data......
2026-08-07 16:24:49,465 - INFO - Extracting Data......
2026-08-07 16:24:49,485 - INFO - Extracting Data......
2026-08-07 16:24:49,499 - INFO - Extracting Data......
2026-08-07 16:24:49,515 - INFO - Extracting Data......
2026-08-07 16:24:49,532 - INFO - Extracting Data......
2026-08-07 16:24:49,548 - INFO - Extracting Data......
2026-08-07 16:24:49,565 - INFO - Extracting Data......
2026-08-07 16:24:49,578 - INFO - Extracting Data......
2026-08-07 16:24:49,594 - INFO - Extracting Data......
2026-08-07 16:24:49,608 - INFO - Extracting Data......
2026-08-07 16:24:49,624 - INFO - Extracting Data......
2026-08-07 16:24:49,640 - INFO - Extracting Data......
2026-08-07 16:24:49,658 - INFO - Extracting Data......
2026-08-07 16:24:49,676 - INFO - Extracting Data......
2026-08-07 16:24:49,694 - INFO - Extracting Data......
2026-08-07 16:24:49,713 - INFO - Extracting Data......
2026-08-07 16:24:49,731 - INFO - Extracting Data......
2026-08-07 16:24:49,746 - INFO - Extracting Data......
2026-08-07 16:24:49,763 - INFO - Extracting Data......
2026-08-07 16:24:49,776 - INFO - Extracting Data......
2026-08-07 16:24:49,847 - INFO - Extracting Data......
2026-08-07 16:24:49,875 - INFO - Extracting Data......
2026-08-07 16:24:49,888 - INFO - Extracting Data......
2026-08-07 16:24:49,903 - INFO - Extracting Data......
2026-08-07 16:24:49,918 - INFO - Extracting Data......
2026-08-07 16:24:49,933 - INFO - Extracting Data......
2026-08-07 16:24:49,948 - INFO - Extracting Data......
2026-08-07 16:24:49,966 - INFO - Extracting Data......
2026-08-07 16:24:49,988 - INFO - Extracting Data......
2026-08-07 16:24:50,011 - INFO - Extracting Data......
2026-08-07 16:24:50,027 - INFO - Extracting Data......
2026-08-07 16:24:50,040 - INFO - Extracting Data......
2026-08-07 16:24:50,058 - INFO - Extracting Data......
2026-08-07 16:24:50,077 - INFO - Extracting Data......
2026-08-07 16:24:50,095 - INFO - Extracting Data......
2026-08-07 16:24:50,110 - INFO - Extracting Data......
2026-08-07 16:24:50,122 - INFO - Extracting Data......
2026-08-07 16:24:50,136 - INFO - Extracting Data......
2026-08-07 16:24:50,151 - INFO - Extracting Data......
2026-08-07 16:24:50,164 - INFO - Extracting Data......
2026-08-07 16:24:50,179 - INFO - Extracting Data......
2026-08-07 16:24:50,196 - INFO - Extracting Data......
2026-08-07 16:24:50,211 - INFO - Extracting Data......
2026-08-07 16:24:50,231 - INFO - Extracting Data......
2026-08-07 16:24:50,248 - INFO - Extracting Data......
2026-08-07 16:24:50,267 - INFO - Extracting Data......
2026-08-07 16:24:50,282 - INFO - Extracting Data......
2026-08-07 16:24:50,296 - INFO - Extracting Data......
2026-08-07 16:24:50,310 - INFO - Extracting Data......
2026-08-07 16:24:50,326 - INFO - Extracting Data......
2026-08-07 16:24:50,339 - INFO - Extracting Data......
2026-08-07 16:24:50,353 - INFO - Extracting Data......
2026-08-07 16:24:50,368 - INFO - Extracting Data......
2026-08-07 16:24:50,383 - INFO - Extracting Data......
2026-08-07 16:24:50,398 - INFO - Extracting Data......
2026-08-07 16:24:50,410 - INFO - Extracting Data......
2026-08-07 16:24:50,424 - INFO - Extracting Data......
2026-08-07 16:24:50,437 - INFO - Extracting Data......
2026-08-07 16:24:50,500 - INFO - Extracting Data......
2026-08-07 16:24:50,528 - INFO - Extracting Data......
2026-08-07 16:24:50,561 - INFO - Extracting Data......
2026-08-07 16:24:50,593 - INFO - Extracting Data......
2026-08-07 16:24:50,609 - INFO - Extracting Data......
2026-08-07 16:24:50,622 - INFO - Extracting Data......
2026-08-07 16:24:50,643 - INFO - Extracting Data......
2026-08-07 16:24:50,661 - INFO - Extracting Data......
2026-08-07 16:24:50,680 - INFO - Extracting Data......
2026-08-07 16:24:50,699 - INFO - Extracting Data......
2026-08-07 16:24:50,716 - INFO - Extracting Data......
2026-08-07 16:24:50,735 - INFO - Extracting Data......
2026-08-07 16:24:50,757 - INFO - Extracting Data......
2026-08-07 16:24:50,781 - INFO - Extracting Data......
2026-08-07 16:24:50,798 - INFO - Extracting Data......
2026-08-07 16:24:50,816 - INFO - Extracting Data......
2026-08-07 16:24:50,831 - INFO - Extracting Data......
2026-08-07 16:24:50,846 - INFO - Extracting Data......
2026-08-07 16:24:50,863 - INFO - Extracting Data......
2026-08-07 16:24:50,878 - INFO - Extracting Data......
2026-08-07 16:24:50,893 - INFO - Extracting Data......
2026-08-07 16:24:50,910 - INFO - Extracting Data......
2026-08-07 16:24:50,925 - INFO - Extracting Data......
2026-08-07 16:24:50,938 - INFO - Extracting Data......
2026-08-07 16:24:50,955 - INFO - Extracting Data......
2026-08-07 16:24:50,973 - INFO - Extracting Data......
2026-08-07 16:24:50,997 - INFO - Extracting Data......
2026-08-07 16:24:51,014 - INFO - Extracting Data......
2026-08-07 16:24:51,034 - INFO - Extracting Data......
2026-08-07 16:24:51,050 - INFO - Extracting Data......
2026-08-07 16:24:51,066 - INFO - Extracting Data......
2026-08-07 16:24:51,096 - INFO - Extracting Data......
2026-08-07 16:24:51,111 - INFO - Extracting Data......
2026-08-07 16:24:51,127 - INFO - Extracting Data......
2026-08-07 16:24:51,139 - INFO - Extracting Data......
2026-08-07 16:24:51,153 - INFO - Extracting Data......
2026-08-07 16:24:51,167 - INFO - Extracting Data......
2026-08-07 16:24:51,182 - INFO - Extracting Data......
2026-08-07 16:24:51,196 - INFO - Extracting Data......
2026-08-07 16:24:51,210 - INFO - Extracting Data......
2026-08-07 16:24:51,222 - INFO - Extracting Data......
2026-08-07 16:24:51,241 - INFO - Extracting Data......
2026-08-07 16:24:51,271 - INFO - Extracting Data......
2026-08-07 16:24:51,296 - INFO - Extracting Data......
2026-08-07 16:24:51,312 - INFO - Extracting Data......
2026-08-07 16:24:51,329 - INFO - Extracting Data......
2026-08-07 16:24:51,423 - INFO - Extracting Data......
2026-08-07 16:24:51,437 - INFO - Extracting Data......
2026-08-07 16:24:51,455 - INFO - Extracting Data......
2026-08-07 16:24:51,472 - INFO - Extracting Data......
2026-08-07 16:24:51,488 - INFO - Extracting Data......
2026-08-07 16:24:51,510 - INFO - Extracting Data......
2026-08-07 16:24:51,530 - INFO - Extracting Data......
2026-08-07 16:24:51,551 - INFO - Extracting Data......
2026-08-07 16:24:51,568 - INFO - Extracting Data......
2026-08-07 16:24:51,583 - INFO - Extracting Data......
2026-08-07 16:24:51,598 - INFO - Extracting Data......
2026-08-07 16:24:51,614 - INFO - Extracting Data......
2026-08-07 16:24:51,632 - INFO - Extracting Data......
2026-08-07 16:24:51,666 - INFO - Extracting Data......
2026-08-07 16:24:51,682 - INFO - Extracting Data......
2026-08-07 16:24:51,699 - INFO - Extracting Data......
2026-08-07 16:24:51,715 - INFO - Extracting Data......
2026-08-07 16:24:51,748 - INFO - Extracting Data......
2026-08-07 16:24:51,764 - INFO - Extracting Data......
2026-08-07 16:24:51,785 - INFO - Extracting Data......
2026-08-07 16:24:51,807 - INFO - Extracting Data......
2026-08-07 16:24:51,823 - INFO - Extracting Data......
2026-08-07 16:24:51,836 - INFO - Extracting Data......
2026-08-07 16:24:51,854 - INFO - Extracting Data......
2026-08-07 16:24:51,868 - INFO - Extracting Data......
2026-08-07 16:24:51,883 - INFO - Extracting Data......
2026-08-07 16:24:51,900 - INFO - Extracting Data......
2026-08-07 16:24:51,916 - INFO - Extracting Data......
2026-08-07 16:24:51,931 - INFO - Extracting Data......
2026-08-07 16:24:51,945 - INFO - Extracting Data......
2026-08-07 16:24:51,961 - INFO - Extracting Data......
2026-08-07 16:24:51,978 - INFO - Extracting Data......
2026-08-07 16:24:51,995 - INFO - Extracting Data......
2026-08-07 16:24:52,018 - INFO - Extracting Data......
2026-08-07 16:24:52,038 - INFO - Extracting Data......
2026-08-07 16:24:52,062 - INFO - Extracting Data......
2026-08-07 16:24:52,080 - INFO - Extracting Data......
2026-08-07 16:24:52,098 - INFO - Extracting Data......
2026-08-07 16:24:52,112 - INFO - Extracting Data......
2026-08-07 16:24:52,131 - INFO - Extracting Data......
2026-08-07 16:24:52,151 - INFO - Extracting Data......
2026-08-07 16:24:52,167 - INFO - Extracting Data......
2026-08-07 16:24:52,180 - INFO - Extracting Data......
2026-08-07 16:24:52,208 - INFO - Extracting Data......
2026-08-07 16:24:52,234 - INFO - Extracting Data......
2026-08-07 16:24:52,264 - INFO - Extracting Data......
2026-08-07 16:24:52,283 - INFO - Extracting Data......
2026-08-07 16:24:52,309 - INFO - Extracting Data......
2026-08-07 16:24:52,328 - INFO - Extracting Data......
2026-08-07 16:24:52,342 - INFO - Extracting Data......
2026-08-07 16:24:52,356 - INFO - Extracting Data......
2026-08-07 16:24:52,373 - INFO - Extracting Data......
2026-08-07 16:24:52,387 - INFO - Extracting Data......
2026-08-07 16:24:52,409 - INFO - Extracting Data......
2026-08-07 16:24:52,422 - INFO - Extracting Data......
2026-08-07 16:24:52,436 - INFO - Extracting Data......
2026-08-07 16:24:52,451 - INFO - Extracting Data......
2026-08-07 16:24:52,465 - INFO - Extracting Data......
2026-08-07 16:24:52,480 - INFO - Extracting Data......
2026-08-07 16:24:52,552 - INFO - Extracting Data......
2026-08-07 16:24:52,587 - INFO - Extracting Data......
2026-08-07 16:24:52,612 - INFO - Extracting Data......
2026-08-07 16:24:52,626 - INFO - Extracting Data......
2026-08-07 16:24:52,642 - INFO - Extracting Data......
2026-08-07 16:24:52,657 - INFO - Extracting Data......
2026-08-07 16:24:52,674 - INFO - Extracting Data......
2026-08-07 16:24:52,687 - INFO - Extracting Data......
2026-08-07 16:24:52,704 - INFO - Extracting Data......
2026-08-07 16:24:52,722 - INFO - Extracting Data......
2026-08-07 16:24:52,738 - INFO - Extracting Data......
2026-08-07 16:24:52,759 - INFO - Extracting Data......
2026-08-07 16:24:52,777 - INFO - Extracting Data......
2026-08-07 16:24:52,795 - INFO - Extracting Data......
2026-08-07 16:24:52,818 - INFO - Extracting Data......
2026-08-07 16:24:52,837 - INFO - Extracting Data......
2026-08-07 16:24:52,861 - INFO - Extracting Data......
2026-08-07 16:24:52,876 - INFO - Extracting Data......
2026-08-07 16:24:52,888 - INFO - Extracting Data......
2026-08-07 16:24:52,902 - INFO - Extracting Data......
2026-08-07 16:24:52,916 - INFO - Extracting Data......
2026-08-07 16:24:52,935 - INFO - Extracting Data......
2026-08-07 16:24:52,952 - INFO - Extracting Data......
2026-08-07 16:24:52,967 - INFO - Extracting Data......
2026-08-07 16:24:52,984 - INFO - Extracting Data......
2026-08-07 16:24:53,000 - INFO - Extracting Data......
2026-08-07 16:24:53,016 - INFO - Extracting Data......
2026-08-07 16:24:53,030 - INFO - Extracting Data......
2026-08-07 16:24:53,046 - INFO - Extracting Data......
2026-08-07 16:24:53,063 - INFO - Extracting Data......
2026-08-07 16:24:53,085 - INFO - Extracting Data......
2026-08-07 16:24:53,111 - INFO - Extracting Data......
2026-08-07 16:24:53,128 - INFO - Extracting Data......
2026-08-07 16:24:53,147 - INFO - Extracting Data......
2026-08-07 16:24:53,164 - INFO - Extracting Data......
2026-08-07 16:24:53,183 - INFO - Extracting Data......
2026-08-07 16:24:53,198 - INFO - Extracting Data......
2026-08-07 16:24:53,215 - INFO - Extracting Data......
2026-08-07 16:24:53,230 - INFO - Extracting Data......
2026-08-07 16:24:53,246 - INFO - Extracting Data......
2026-08-07 16:24:53,261 - INFO - Extracting Data......
2026-08-07 16:24:53,279 - INFO - Extracting Data......
2026-08-07 16:24:53,298 - INFO - Extracting Data......
2026-08-07 16:24:53,336 - INFO - Extracting Data......
2026-08-07 16:24:53,362 - INFO - Extracting Data......
2026-08-07 16:24:53,381 - INFO - Extracting Data......
2026-08-07 16:24:53,399 - INFO - Extracting Data......
2026-08-07 16:24:53,416 - INFO - Extracting Data......
2026-08-07 16:24:53,435 - INFO - Extracting Data......
2026-08-07 16:24:53,454 - INFO - Extracting Data......
2026-08-07 16:24:53,467 - INFO - Extracting Data......
2026-08-07 16:24:53,482 - INFO - Extracting Data......
2026-08-07 16:24:53,499 - INFO - Extracting Data......
2026-08-07 16:24:53,513 - INFO - Extracting Data......
2026-08-07 16:24:53,529 - INFO - Extracting Data......
2026-08-07 16:24:53,549 - INFO - Extracting Data......
2026-08-07 16:24:53,570 - INFO - Extracting Data......
2026-08-07 16:24:53,588 - INFO - Extracting Data......
2026-08-07 16:24:53,608 - INFO - Extracting Data......
2026-08-07 16:24:53,622 - INFO - Extracting Data......
2026-08-07 16:24:53,636 - INFO - Extracting Data......
2026-08-07 16:24:53,651 - INFO - Extracting Data......
2026-08-07 16:24:53,666 - INFO - Extracting Data......
2026-08-07 16:24:53,682 - INFO - Extracting Data......
2026-08-07 16:24:53,698 - INFO - Extracting Data......
2026-08-07 16:24:53,712 - INFO - Extracting Data......
2026-08-07 16:24:53,726 - INFO - Extracting Data......
2026-08-07 16:24:53,742 - INFO - Extracting Data......
2026-08-07 16:24:53,755 - INFO - Extracting Data......
2026-08-07 16:24:53,767 - INFO - Extracting Data......
2026-08-07 16:24:53,781 - INFO - Extracting Data......
2026-08-07 16:24:53,798 - INFO - Extracting Data......
2026-08-07 16:24:53,817 - INFO - Extracting Data......
2026-08-07 16:24:53,838 - INFO - Extracting Data......
2026-08-07 16:24:53,860 - INFO - Extracting Data......
2026-08-07 16:24:53,942 - INFO - Extracting Data......
2026-08-07 16:24:53,971 - INFO - Extracting Data......
2026-08-07 16:24:53,986 - INFO - Extracting Data......
2026-08-07 16:24:54,001 - INFO - Extracting Data......
2026-08-07 16:24:54,016 - INFO - Extracting Data......
2026-08-07 16:24:54,029 - INFO - Extracting Data......
2026-08-07 16:24:54,046 - INFO - Extracting Data......
2026-08-07 16:24:54,062 - INFO - Extracting Data......
2026-08-07 16:24:54,081 - INFO - Extracting Data......
2026-08-07 16:24:54,098 - INFO - Extracting Data......
2026-08-07 16:24:54,132 - INFO - Extracting Data......
2026-08-07 16:24:54,149 - INFO - Extracting Data......
2026-08-07 16:24:54,163 - INFO - Extracting Data......
2026-08-07 16:24:54,176 - INFO - Extracting Data......
2026-08-07 16:24:54,186 - INFO - Extracting Data......
2026-08-07 16:24:54,201 - INFO - Extracting Data......
2026-08-07 16:24:54,216 - INFO - Extracting Data......
2026-08-07 16:24:54,229 - INFO - Extracting Data......
2026-08-07 16:24:54,243 - INFO - Extracting Data......
2026-08-07 16:24:54,256 - INFO - Extracting Data......
2026-08-07 16:24:54,268 - INFO - Extracting Data......
2026-08-07 16:24:54,284 - INFO - Extracting Data......
2026-08-07 16:24:54,298 - INFO - Extracting Data......
2026-08-07 16:24:54,316 - INFO - Extracting Data......
2026-08-07 16:24:54,337 - INFO - Extracting Data......
2026-08-07 16:24:54,355 - INFO - Extracting Data......
2026-08-07 16:24:54,375 - INFO - Extracting Data......
2026-08-07 16:24:54,389 - INFO - Extracting Data......
2026-08-07 16:24:54,403 - INFO - Extracting Data......
2026-08-07 16:24:54,421 - INFO - Extracting Data......
2026-08-07 16:24:54,437 - INFO - Extracting Data......
2026-08-07 16:24:54,454 - INFO - Extracting Data......
2026-08-07 16:24:54,469 - INFO - Extracting Data......
2026-08-07 16:24:54,484 - INFO - Extracting Data......
2026-08-07 16:24:54,514 - INFO - Extracting Data......
2026-08-07 16:24:54,527 - INFO - Extracting Data......
2026-08-07 16:24:54,547 - INFO - Extracting Data......
2026-08-07 16:24:54,563 - INFO - Extracting Data......
2026-08-07 16:24:54,581 - INFO - Scrolling to load more........
2026-08-07 16:24:58,713 - INFO - No button Found
2026-08-07 16:24:58,713 - INFO - New Length: 649
2026-08-07 16:24:58,713 - INFO - Successfully Scraped all the data.....
2026-08-07 16:24:58,713 - INFO - Scraped Successfully!
2026-08-07 16:24:58,977 - INFO - File Saved!
2026-08-07 21:39:30,549 - INFO - Sign-in popup dismissed.
